-- MySQL dump 10.10
--
-- Host: localhost    Database: suduforum
-- ------------------------------------------------------
-- Server version	5.0.27-community-nt

/*!40101 SET @OLD_CHARACTER_SET_CLIENT=@@CHARACTER_SET_CLIENT */;
/*!40101 SET @OLD_CHARACTER_SET_RESULTS=@@CHARACTER_SET_RESULTS */;
/*!40101 SET @OLD_COLLATION_CONNECTION=@@COLLATION_CONNECTION */;
/*!40101 SET NAMES utf8 */;
/*!40103 SET @OLD_TIME_ZONE=@@TIME_ZONE */;
/*!40103 SET TIME_ZONE='+00:00' */;
/*!40014 SET @OLD_UNIQUE_CHECKS=@@UNIQUE_CHECKS, UNIQUE_CHECKS=0 */;
/*!40014 SET @OLD_FOREIGN_KEY_CHECKS=@@FOREIGN_KEY_CHECKS, FOREIGN_KEY_CHECKS=0 */;
/*!40101 SET @OLD_SQL_MODE=@@SQL_MODE, SQL_MODE='NO_AUTO_VALUE_ON_ZERO' */;
/*!40111 SET @OLD_SQL_NOTES=@@SQL_NOTES, SQL_NOTES=0 */;

--
-- Table structure for table `jforum_api`
--

DROP TABLE IF EXISTS `jforum_api`;
CREATE TABLE `jforum_api` (
  `api_id` int(11) NOT NULL auto_increment,
  `api_key` varchar(32) NOT NULL,
  `api_validity` datetime NOT NULL,
  PRIMARY KEY  (`api_id`)
) ENGINE=InnoDB DEFAULT CHARSET=utf8;

--
-- Dumping data for table `jforum_api`
--

LOCK TABLES `jforum_api` WRITE;
/*!40000 ALTER TABLE `jforum_api` DISABLE KEYS */;
/*!40000 ALTER TABLE `jforum_api` ENABLE KEYS */;
UNLOCK TABLES;

--
-- Table structure for table `jforum_attach`
--

DROP TABLE IF EXISTS `jforum_attach`;
CREATE TABLE `jforum_attach` (
  `attach_id` int(11) NOT NULL auto_increment,
  `post_id` int(11) default NULL,
  `privmsgs_id` int(11) default NULL,
  `user_id` int(11) NOT NULL,
  PRIMARY KEY  (`attach_id`),
  KEY `idx_att_post` (`post_id`),
  KEY `idx_att_priv` (`privmsgs_id`),
  KEY `idx_att_user` (`user_id`)
) ENGINE=InnoDB DEFAULT CHARSET=utf8;

--
-- Dumping data for table `jforum_attach`
--

LOCK TABLES `jforum_attach` WRITE;
/*!40000 ALTER TABLE `jforum_attach` DISABLE KEYS */;
/*!40000 ALTER TABLE `jforum_attach` ENABLE KEYS */;
UNLOCK TABLES;

--
-- Table structure for table `jforum_attach_desc`
--

DROP TABLE IF EXISTS `jforum_attach_desc`;
CREATE TABLE `jforum_attach_desc` (
  `attach_desc_id` int(11) NOT NULL auto_increment,
  `attach_id` int(11) NOT NULL,
  `physical_filename` varchar(255) NOT NULL,
  `real_filename` varchar(255) NOT NULL,
  `download_count` int(11) default NULL,
  `description` varchar(255) default NULL,
  `mimetype` varchar(50) default NULL,
  `filesize` int(11) default NULL,
  `upload_time` datetime default NULL,
  `thumb` tinyint(1) default '0',
  `extension_id` int(11) default NULL,
  PRIMARY KEY  (`attach_desc_id`),
  KEY `idx_att_d_att` (`attach_id`),
  KEY `idx_att_d_ext` (`extension_id`)
) ENGINE=InnoDB DEFAULT CHARSET=utf8;

--
-- Dumping data for table `jforum_attach_desc`
--

LOCK TABLES `jforum_attach_desc` WRITE;
/*!40000 ALTER TABLE `jforum_attach_desc` DISABLE KEYS */;
/*!40000 ALTER TABLE `jforum_attach_desc` ENABLE KEYS */;
UNLOCK TABLES;

--
-- Table structure for table `jforum_attach_quota`
--

DROP TABLE IF EXISTS `jforum_attach_quota`;
CREATE TABLE `jforum_attach_quota` (
  `attach_quota_id` int(11) NOT NULL auto_increment,
  `group_id` int(11) NOT NULL,
  `quota_limit_id` int(11) NOT NULL,
  PRIMARY KEY  (`attach_quota_id`),
  KEY `group_id` (`group_id`)
) ENGINE=InnoDB DEFAULT CHARSET=utf8;

--
-- Dumping data for table `jforum_attach_quota`
--

LOCK TABLES `jforum_attach_quota` WRITE;
/*!40000 ALTER TABLE `jforum_attach_quota` DISABLE KEYS */;
/*!40000 ALTER TABLE `jforum_attach_quota` ENABLE KEYS */;
UNLOCK TABLES;

--
-- Table structure for table `jforum_banlist`
--

DROP TABLE IF EXISTS `jforum_banlist`;
CREATE TABLE `jforum_banlist` (
  `banlist_id` int(11) NOT NULL auto_increment,
  `user_id` int(11) default NULL,
  `banlist_ip` varchar(15) default NULL,
  `banlist_email` varchar(255) default NULL,
  PRIMARY KEY  (`banlist_id`),
  KEY `idx_user` (`user_id`),
  KEY `banlist_ip` (`banlist_ip`),
  KEY `banlist_email` (`banlist_email`)
) ENGINE=InnoDB DEFAULT CHARSET=utf8;

--
-- Dumping data for table `jforum_banlist`
--

LOCK TABLES `jforum_banlist` WRITE;
/*!40000 ALTER TABLE `jforum_banlist` DISABLE KEYS */;
/*!40000 ALTER TABLE `jforum_banlist` ENABLE KEYS */;
UNLOCK TABLES;

--
-- Table structure for table `jforum_banner`
--

DROP TABLE IF EXISTS `jforum_banner`;
CREATE TABLE `jforum_banner` (
  `banner_id` int(11) NOT NULL auto_increment,
  `banner_name` varchar(90) default NULL,
  `banner_placement` int(11) NOT NULL default '0',
  `banner_description` varchar(250) default NULL,
  `banner_clicks` int(11) NOT NULL default '0',
  `banner_views` int(11) NOT NULL default '0',
  `banner_url` varchar(250) default NULL,
  `banner_weight` tinyint(1) NOT NULL default '50',
  `banner_active` tinyint(1) NOT NULL default '0',
  `banner_comment` varchar(250) default NULL,
  `banner_type` int(11) NOT NULL default '0',
  `banner_width` int(11) NOT NULL default '0',
  `banner_height` int(11) NOT NULL default '0',
  PRIMARY KEY  (`banner_id`),
  KEY `banner_id` (`banner_id`)
) ENGINE=InnoDB DEFAULT CHARSET=utf8;

--
-- Dumping data for table `jforum_banner`
--

LOCK TABLES `jforum_banner` WRITE;
/*!40000 ALTER TABLE `jforum_banner` DISABLE KEYS */;
/*!40000 ALTER TABLE `jforum_banner` ENABLE KEYS */;
UNLOCK TABLES;

--
-- Table structure for table `jforum_bookmarks`
--

DROP TABLE IF EXISTS `jforum_bookmarks`;
CREATE TABLE `jforum_bookmarks` (
  `bookmark_id` int(11) NOT NULL auto_increment,
  `user_id` int(11) NOT NULL,
  `relation_id` int(11) NOT NULL,
  `relation_type` int(11) NOT NULL,
  `public_visible` int(11) default '1',
  `title` varchar(255) default NULL,
  `description` varchar(255) default NULL,
  PRIMARY KEY  (`bookmark_id`),
  KEY `book_idx_relation` (`relation_id`),
  KEY `user_id` (`user_id`)
) ENGINE=InnoDB DEFAULT CHARSET=utf8;

--
-- Dumping data for table `jforum_bookmarks`
--

LOCK TABLES `jforum_bookmarks` WRITE;
/*!40000 ALTER TABLE `jforum_bookmarks` DISABLE KEYS */;
INSERT INTO `jforum_bookmarks` VALUES (1,4,4,2,1,'他以为他很厉害呢','test'),(2,4,29,2,0,'黑点凝视 去掉 这个是基础训练，需要长期进行',''),(3,4,30,2,1,'加训练建议 ',''),(4,3,1,2,1,'论坛----乱码问题','测试书签');
/*!40000 ALTER TABLE `jforum_bookmarks` ENABLE KEYS */;
UNLOCK TABLES;

--
-- Table structure for table `jforum_categories`
--

DROP TABLE IF EXISTS `jforum_categories`;
CREATE TABLE `jforum_categories` (
  `categories_id` int(11) NOT NULL auto_increment,
  `title` varchar(100) NOT NULL default '',
  `display_order` int(11) NOT NULL default '0',
  `moderated` tinyint(1) default '0',
  `parent_id` int(11) default '0',
  PRIMARY KEY  (`categories_id`)
) ENGINE=InnoDB DEFAULT CHARSET=utf8;

--
-- Dumping data for table `jforum_categories`
--

LOCK TABLES `jforum_categories` WRITE;
/*!40000 ALTER TABLE `jforum_categories` DISABLE KEYS */;
INSERT INTO `jforum_categories` VALUES (1,'速读资料',1,1,0),(2,'训练讨论',2,0,0),(3,'自由讨论',3,0,0);
/*!40000 ALTER TABLE `jforum_categories` ENABLE KEYS */;
UNLOCK TABLES;

--
-- Table structure for table `jforum_config`
--

DROP TABLE IF EXISTS `jforum_config`;
CREATE TABLE `jforum_config` (
  `config_name` varchar(255) NOT NULL default '',
  `config_value` varchar(255) NOT NULL default '',
  `config_id` int(11) NOT NULL auto_increment,
  PRIMARY KEY  (`config_id`)
) ENGINE=InnoDB DEFAULT CHARSET=utf8;

--
-- Dumping data for table `jforum_config`
--

LOCK TABLES `jforum_config` WRITE;
/*!40000 ALTER TABLE `jforum_config` DISABLE KEYS */;
INSERT INTO `jforum_config` VALUES ('most.users.ever.online','3',1),('most.users.ever.online.date','1274018335500',2);
/*!40000 ALTER TABLE `jforum_config` ENABLE KEYS */;
UNLOCK TABLES;

--
-- Table structure for table `jforum_extension_groups`
--

DROP TABLE IF EXISTS `jforum_extension_groups`;
CREATE TABLE `jforum_extension_groups` (
  `extension_group_id` int(11) NOT NULL auto_increment,
  `name` varchar(100) NOT NULL,
  `allow` tinyint(1) default '1',
  `upload_icon` varchar(100) default NULL,
  `download_mode` tinyint(1) default '1',
  PRIMARY KEY  (`extension_group_id`)
) ENGINE=InnoDB DEFAULT CHARSET=utf8;

--
-- Dumping data for table `jforum_extension_groups`
--

LOCK TABLES `jforum_extension_groups` WRITE;
/*!40000 ALTER TABLE `jforum_extension_groups` DISABLE KEYS */;
/*!40000 ALTER TABLE `jforum_extension_groups` ENABLE KEYS */;
UNLOCK TABLES;

--
-- Table structure for table `jforum_extensions`
--

DROP TABLE IF EXISTS `jforum_extensions`;
CREATE TABLE `jforum_extensions` (
  `extension_id` int(11) NOT NULL auto_increment,
  `extension_group_id` int(11) NOT NULL,
  `description` varchar(100) default NULL,
  `upload_icon` varchar(100) default NULL,
  `extension` varchar(10) default NULL,
  `allow` tinyint(1) default '1',
  PRIMARY KEY  (`extension_id`),
  KEY `extension_group_id` (`extension_group_id`),
  KEY `extension` (`extension`)
) ENGINE=InnoDB DEFAULT CHARSET=utf8;

--
-- Dumping data for table `jforum_extensions`
--

LOCK TABLES `jforum_extensions` WRITE;
/*!40000 ALTER TABLE `jforum_extensions` DISABLE KEYS */;
/*!40000 ALTER TABLE `jforum_extensions` ENABLE KEYS */;
UNLOCK TABLES;

--
-- Table structure for table `jforum_forums`
--

DROP TABLE IF EXISTS `jforum_forums`;
CREATE TABLE `jforum_forums` (
  `forum_id` int(11) NOT NULL auto_increment,
  `categories_id` int(11) NOT NULL default '1',
  `forum_name` varchar(150) NOT NULL default '',
  `forum_desc` varchar(255) default NULL,
  `forum_order` int(11) default '1',
  `forum_topics` int(11) NOT NULL default '0',
  `forum_last_post_id` int(11) NOT NULL default '0',
  `moderated` tinyint(1) default '0',
  PRIMARY KEY  (`forum_id`),
  KEY `categories_id` (`categories_id`),
  KEY `idx_forums_cats` (`categories_id`)
) ENGINE=InnoDB DEFAULT CHARSET=utf8;

--
-- Dumping data for table `jforum_forums`
--

LOCK TABLES `jforum_forums` WRITE;
/*!40000 ALTER TABLE `jforum_forums` DISABLE KEYS */;
INSERT INTO `jforum_forums` VALUES (1,1,'新手快速入门','如果你是速读新手，请从这里大概了解速读的基础知识',1,1,78,1),(2,1,'心得经验分享','这里聚集众多读友成功的经验和失败的教训',2,0,0,1),(3,1,'速读资料下载','速读及速读相关资料免费下载 (如有侵权，请立即警告本站)',3,0,0,1),(4,2,'基础训练','基础训练交流区：集中注意力、视点移动、视幅扩展、焦点移动',4,0,0,0),(5,2,'实战训练','实战训练交流区：消除读音、消除回跳、提高理解率、提高速度',5,0,0,0),(6,2,'辅助训练','辅助训练交流区：奇像记忆、思维导图、曼陀罗、3D图像',6,0,0,0),(7,3,'建议意见','请留下您宝贵的建议意见',7,117,155,0),(8,3,'海阔天空','闲聊',8,0,0,0);
/*!40000 ALTER TABLE `jforum_forums` ENABLE KEYS */;
UNLOCK TABLES;

--
-- Table structure for table `jforum_forums_watch`
--

DROP TABLE IF EXISTS `jforum_forums_watch`;
CREATE TABLE `jforum_forums_watch` (
  `forum_id` int(11) NOT NULL,
  `user_id` int(11) NOT NULL,
  KEY `idx_fw_forum` (`forum_id`),
  KEY `idx_fw_user` (`user_id`)
) ENGINE=InnoDB DEFAULT CHARSET=utf8;

--
-- Dumping data for table `jforum_forums_watch`
--

LOCK TABLES `jforum_forums_watch` WRITE;
/*!40000 ALTER TABLE `jforum_forums_watch` DISABLE KEYS */;
/*!40000 ALTER TABLE `jforum_forums_watch` ENABLE KEYS */;
UNLOCK TABLES;

--
-- Table structure for table `jforum_groups`
--

DROP TABLE IF EXISTS `jforum_groups`;
CREATE TABLE `jforum_groups` (
  `group_id` int(11) NOT NULL auto_increment,
  `group_name` varchar(40) NOT NULL default '',
  `group_description` varchar(255) default NULL,
  `parent_id` int(11) default '0',
  PRIMARY KEY  (`group_id`)
) ENGINE=InnoDB DEFAULT CHARSET=utf8;

--
-- Dumping data for table `jforum_groups`
--

LOCK TABLES `jforum_groups` WRITE;
/*!40000 ALTER TABLE `jforum_groups` DISABLE KEYS */;
INSERT INTO `jforum_groups` VALUES (1,'普通用户','普通注册用户，采用SSO，论坛的用户验证都委托主站完成',0),(2,'管理员','系统管理',0);
/*!40000 ALTER TABLE `jforum_groups` ENABLE KEYS */;
UNLOCK TABLES;

--
-- Table structure for table `jforum_karma`
--

DROP TABLE IF EXISTS `jforum_karma`;
CREATE TABLE `jforum_karma` (
  `karma_id` int(11) NOT NULL auto_increment,
  `post_id` int(11) NOT NULL,
  `topic_id` int(11) NOT NULL,
  `post_user_id` int(11) NOT NULL,
  `from_user_id` int(11) NOT NULL,
  `points` int(11) NOT NULL,
  `rate_date` datetime default NULL,
  PRIMARY KEY  (`karma_id`),
  KEY `post_id` (`post_id`),
  KEY `topic_id` (`topic_id`),
  KEY `post_user_id` (`post_user_id`),
  KEY `from_user_id` (`from_user_id`)
) ENGINE=InnoDB DEFAULT CHARSET=utf8;

--
-- Dumping data for table `jforum_karma`
--

LOCK TABLES `jforum_karma` WRITE;
/*!40000 ALTER TABLE `jforum_karma` DISABLE KEYS */;
/*!40000 ALTER TABLE `jforum_karma` ENABLE KEYS */;
UNLOCK TABLES;

--
-- Table structure for table `jforum_mail_integration`
--

DROP TABLE IF EXISTS `jforum_mail_integration`;
CREATE TABLE `jforum_mail_integration` (
  `forum_id` int(11) NOT NULL,
  `forum_email` varchar(100) NOT NULL,
  `pop_username` varchar(100) NOT NULL,
  `pop_password` varchar(100) NOT NULL,
  `pop_host` varchar(100) NOT NULL,
  `pop_port` int(11) default '110',
  `pop_ssl` tinyint(4) default '0',
  KEY `forum_id` (`forum_id`)
) ENGINE=InnoDB DEFAULT CHARSET=utf8;

--
-- Dumping data for table `jforum_mail_integration`
--

LOCK TABLES `jforum_mail_integration` WRITE;
/*!40000 ALTER TABLE `jforum_mail_integration` DISABLE KEYS */;
/*!40000 ALTER TABLE `jforum_mail_integration` ENABLE KEYS */;
UNLOCK TABLES;

--
-- Table structure for table `jforum_moderation_log`
--

DROP TABLE IF EXISTS `jforum_moderation_log`;
CREATE TABLE `jforum_moderation_log` (
  `log_id` int(11) NOT NULL auto_increment,
  `user_id` int(11) NOT NULL,
  `log_description` text NOT NULL,
  `log_original_message` text,
  `log_date` datetime NOT NULL,
  `log_type` tinyint(4) default '0',
  `post_id` int(11) default '0',
  `topic_id` int(11) default '0',
  `post_user_id` int(11) default '0',
  PRIMARY KEY  (`log_id`),
  KEY `user_id` (`user_id`),
  KEY `post_user_id` (`post_user_id`)
) ENGINE=InnoDB DEFAULT CHARSET=utf8;

--
-- Dumping data for table `jforum_moderation_log`
--

LOCK TABLES `jforum_moderation_log` WRITE;
/*!40000 ALTER TABLE `jforum_moderation_log` DISABLE KEYS */;
INSERT INTO `jforum_moderation_log` VALUES (1,2,'test','<p>test</p>','2010-05-16 11:28:01',1,16,0,2),(2,2,'测试','删除用的','2010-05-17 15:52:41',1,130,0,2);
/*!40000 ALTER TABLE `jforum_moderation_log` ENABLE KEYS */;
UNLOCK TABLES;

--
-- Table structure for table `jforum_posts`
--

DROP TABLE IF EXISTS `jforum_posts`;
CREATE TABLE `jforum_posts` (
  `post_id` int(11) NOT NULL auto_increment,
  `topic_id` int(11) NOT NULL default '0',
  `forum_id` int(11) NOT NULL default '0',
  `user_id` int(11) NOT NULL default '0',
  `post_time` datetime default NULL,
  `poster_ip` varchar(15) default NULL,
  `enable_bbcode` tinyint(1) NOT NULL default '1',
  `enable_html` tinyint(1) NOT NULL default '1',
  `enable_smilies` tinyint(1) NOT NULL default '1',
  `enable_sig` tinyint(1) NOT NULL default '1',
  `post_edit_time` datetime default NULL,
  `post_edit_count` int(11) NOT NULL default '0',
  `status` tinyint(1) default '1',
  `attach` tinyint(1) default '0',
  `need_moderate` tinyint(1) default '0',
  PRIMARY KEY  (`post_id`),
  KEY `user_id` (`user_id`),
  KEY `topic_id` (`topic_id`),
  KEY `forum_id` (`forum_id`),
  KEY `post_time` (`post_time`),
  KEY `need_moderate` (`need_moderate`)
) ENGINE=InnoDB DEFAULT CHARSET=utf8;

--
-- Dumping data for table `jforum_posts`
--

LOCK TABLES `jforum_posts` WRITE;
/*!40000 ALTER TABLE `jforum_posts` DISABLE KEYS */;
INSERT INTO `jforum_posts` VALUES (1,1,7,4,'2010-05-14 23:15:34','192.168.18.101',1,0,1,1,'2010-05-14 23:15:34',0,1,0,0),(2,2,7,4,'2010-05-14 23:16:16','192.168.18.101',1,0,1,1,'2010-05-14 23:16:16',0,1,0,0),(3,3,7,4,'2010-05-14 23:16:53','192.168.18.101',1,0,1,1,'2010-05-14 23:16:53',0,1,0,0),(4,3,7,4,'2010-05-14 23:17:46','192.168.18.101',1,0,1,1,'2010-05-14 23:17:46',0,1,0,0),(5,4,7,4,'2010-05-14 23:18:50','192.168.18.101',1,1,1,1,'2010-05-16 22:27:35',2,1,0,0),(6,5,7,4,'2010-05-14 23:27:07','192.168.18.101',1,1,1,1,'2010-05-14 23:27:07',0,1,0,0),(7,6,7,3,'2010-05-15 22:07:27','127.0.0.1',1,0,1,1,'2010-05-15 22:07:27',0,1,0,0),(8,7,7,3,'2010-05-15 22:08:19','127.0.0.1',1,1,1,1,'2010-05-15 22:08:19',0,1,0,0),(9,8,7,3,'2010-05-15 22:08:56','127.0.0.1',1,1,1,1,'2010-05-15 22:08:56',0,1,0,0),(10,9,7,3,'2010-05-15 22:09:31','127.0.0.1',1,1,1,1,'2010-05-15 22:09:31',0,1,0,0),(11,10,7,3,'2010-05-15 22:15:02','127.0.0.1',1,1,1,1,'2010-05-15 22:15:02',0,1,0,0),(12,11,7,3,'2010-05-15 22:15:57','127.0.0.1',1,1,1,1,'2010-05-15 22:15:57',0,1,0,0),(13,12,7,3,'2010-05-15 22:18:21','127.0.0.1',1,1,1,1,'2010-05-15 22:18:21',0,1,0,0),(14,13,7,3,'2010-05-15 22:20:26','127.0.0.1',1,1,1,1,'2010-05-15 22:20:26',0,1,0,0),(15,14,7,3,'2010-05-15 22:21:35','127.0.0.1',1,1,1,1,'2010-05-15 22:21:35',0,1,0,0),(17,14,7,2,'2010-05-16 11:29:42','127.0.0.1',1,0,1,1,'2010-05-16 11:29:42',0,1,0,0),(18,13,7,2,'2010-05-16 11:32:57','192.168.18.168',1,0,1,1,'2010-05-16 11:32:57',0,1,0,0),(19,12,7,2,'2010-05-16 11:33:48','192.168.18.168',1,1,1,1,'2010-05-16 11:33:48',0,1,0,0),(20,12,7,2,'2010-05-16 11:34:27','192.168.18.168',1,1,1,1,'2010-05-16 11:34:28',0,1,0,0),(21,12,7,2,'2010-05-16 11:35:51','192.168.18.168',1,1,1,1,'2010-05-16 11:35:51',0,1,0,0),(22,12,7,2,'2010-05-16 11:40:25','192.168.18.168',1,1,1,1,'2010-05-16 11:40:25',0,1,0,0),(23,12,7,2,'2010-05-16 18:04:38','192.168.18.168',1,1,1,1,'2010-05-16 18:04:38',0,1,0,0),(24,12,7,2,'2010-05-16 18:09:41','192.168.18.168',1,0,1,1,'2010-05-16 18:09:41',0,1,0,0),(25,11,7,2,'2010-05-16 18:11:13','192.168.18.168',1,0,1,1,'2010-05-16 18:11:13',0,1,0,0),(26,10,7,2,'2010-05-16 18:16:26','127.0.0.1',1,0,1,1,'2010-05-16 18:16:26',0,1,0,0),(27,9,7,2,'2010-05-16 18:16:54','127.0.0.1',1,0,1,1,'2010-05-16 18:16:54',0,1,0,0),(28,8,7,2,'2010-05-16 18:17:37','127.0.0.1',1,0,1,1,'2010-05-16 18:17:37',0,1,0,0),(29,7,7,2,'2010-05-16 18:17:59','127.0.0.1',1,0,1,1,'2010-05-16 18:17:59',0,1,0,0),(30,6,7,2,'2010-05-16 18:18:18','127.0.0.1',1,1,1,1,'2010-05-16 18:18:18',0,1,0,0),(31,5,7,2,'2010-05-16 18:18:41','127.0.0.1',1,0,1,1,'2010-05-16 18:18:41',0,1,0,0),(32,4,7,2,'2010-05-16 18:21:36','127.0.0.1',1,0,1,1,'2010-05-16 18:21:36',0,1,0,0),(33,2,7,2,'2010-05-16 18:21:59','127.0.0.1',1,0,1,1,'2010-05-16 18:21:59',0,1,0,0),(34,1,7,2,'2010-05-16 18:22:15','127.0.0.1',1,1,1,1,'2010-05-16 18:22:15',0,1,0,0),(35,1,7,2,'2010-05-16 18:22:35','127.0.0.1',1,1,1,1,'2010-05-16 18:22:35',0,1,0,0),(36,3,7,2,'2010-05-16 18:23:12','127.0.0.1',1,0,1,1,'2010-05-16 18:23:12',0,1,0,0),(37,3,7,3,'2010-05-16 18:26:22','127.0.0.1',1,0,1,1,'2010-05-16 18:26:22',0,1,0,0),(38,15,7,3,'2010-05-16 20:32:43','127.0.0.1',1,1,1,1,'2010-05-16 20:32:43',0,1,0,0),(39,16,7,3,'2010-05-16 20:37:40','127.0.0.1',1,1,1,1,'2010-05-16 20:37:40',0,1,0,0),(40,17,7,3,'2010-05-16 20:38:24','127.0.0.1',1,1,1,1,'2010-05-16 20:38:24',0,1,0,0),(41,18,7,3,'2010-05-16 20:39:45','127.0.0.1',1,1,1,1,'2010-05-16 20:39:45',0,1,0,0),(42,19,7,3,'2010-05-16 20:41:14','127.0.0.1',1,1,1,1,'2010-05-16 20:41:14',0,1,0,0),(43,20,7,3,'2010-05-16 20:42:51','127.0.0.1',1,1,1,1,'2010-05-16 20:42:51',0,1,0,0),(44,21,7,3,'2010-05-16 20:43:43','127.0.0.1',1,1,1,1,'2010-05-16 20:43:43',0,1,0,0),(45,22,7,3,'2010-05-16 21:51:55','127.0.0.1',1,1,1,1,'2010-05-16 21:51:55',0,1,0,0),(46,23,1,5,'2010-05-16 21:57:29','192.168.18.101',1,0,1,1,'2010-05-16 21:57:29',0,1,0,1),(47,24,7,3,'2010-05-16 22:01:27','127.0.0.1',1,1,1,1,'2010-05-16 22:01:27',0,1,0,0),(48,25,7,5,'2010-05-16 22:05:50','192.168.18.101',1,1,1,1,'2010-05-16 22:05:50',0,1,0,0),(49,26,7,3,'2010-05-16 22:08:10','127.0.0.1',1,1,1,1,'2010-05-16 22:08:10',0,1,0,0),(50,27,7,3,'2010-05-16 22:09:09','127.0.0.1',1,1,1,1,'2010-05-16 22:09:09',0,1,0,0),(51,28,7,3,'2010-05-16 22:11:00','127.0.0.1',1,1,1,1,'2010-05-16 22:11:00',0,1,0,0),(52,29,7,3,'2010-05-16 22:14:09','127.0.0.1',1,1,1,1,'2010-05-16 22:14:09',0,1,0,0),(53,4,7,4,'2010-05-16 22:15:43','192.168.18.101',1,0,1,1,'2010-05-16 22:15:43',0,1,0,0),(54,4,7,4,'2010-05-16 22:16:35','192.168.18.101',1,1,1,1,'2010-05-16 22:16:35',0,1,0,0),(55,30,7,3,'2010-05-16 22:17:49','127.0.0.1',1,1,1,1,'2010-05-16 22:17:49',0,1,0,0),(56,30,7,4,'2010-05-16 22:18:25','192.168.18.101',1,1,1,1,'2010-05-16 22:18:25',0,1,0,0),(57,31,7,3,'2010-05-16 22:19:38','127.0.0.1',1,1,1,1,'2010-05-16 22:19:38',0,1,0,0),(58,32,7,3,'2010-05-16 22:21:17','127.0.0.1',1,1,1,1,'2010-05-16 22:21:17',0,1,0,0),(59,33,7,4,'2010-05-16 22:21:53','192.168.18.101',1,0,1,1,'2010-05-16 22:22:16',1,1,0,0),(60,34,7,4,'2010-05-16 22:25:49','192.168.18.101',1,1,1,1,'2010-05-16 22:25:49',0,1,0,0),(61,35,7,3,'2010-05-16 22:26:43','127.0.0.1',1,1,1,1,'2010-05-16 22:26:43',0,1,0,0),(62,36,7,3,'2010-05-16 22:27:12','127.0.0.1',1,1,1,1,'2010-05-16 22:27:12',0,1,0,0),(63,37,7,3,'2010-05-16 22:28:13','127.0.0.1',1,1,1,1,'2010-05-16 22:28:13',0,1,0,0),(64,38,7,3,'2010-05-16 22:29:04','127.0.0.1',1,1,1,1,'2010-05-16 22:29:04',0,1,0,0),(65,39,7,3,'2010-05-16 22:29:41','127.0.0.1',1,1,1,1,'2010-05-16 22:29:41',0,1,0,0),(66,40,7,4,'2010-05-16 22:30:24','192.168.18.101',1,1,1,1,'2010-05-16 22:30:24',0,1,0,0),(67,41,7,3,'2010-05-16 22:30:43','127.0.0.1',1,1,1,1,'2010-05-16 22:30:43',0,1,0,0),(68,42,7,3,'2010-05-16 22:35:52','127.0.0.1',1,1,1,1,'2010-05-16 22:35:52',0,1,0,0),(69,43,7,3,'2010-05-16 22:54:02','127.0.0.1',1,1,1,1,'2010-05-16 22:54:02',0,1,0,0),(70,44,7,3,'2010-05-16 22:55:50','127.0.0.1',1,1,1,1,'2010-05-16 22:55:50',0,1,0,0),(71,45,7,3,'2010-05-17 10:21:14','10.224.172.240',1,1,1,1,'2010-05-17 10:21:14',0,1,0,0),(72,46,7,3,'2010-05-17 10:22:27','10.224.172.240',1,1,1,1,'2010-05-17 10:22:27',0,1,0,0),(73,47,7,3,'2010-05-17 10:23:28','10.224.172.240',1,1,1,1,'2010-05-17 10:23:28',0,1,0,0),(74,48,7,3,'2010-05-17 10:31:04','10.224.172.240',1,1,1,1,'2010-05-17 10:31:04',0,1,0,0),(75,49,7,3,'2010-05-17 10:31:21','10.224.172.240',1,1,1,1,'2010-05-17 10:31:21',0,1,0,0),(76,50,7,3,'2010-05-17 10:36:37','10.224.172.240',1,1,1,1,'2010-05-17 10:36:37',0,1,0,0),(77,51,7,3,'2010-05-17 10:49:52','10.224.172.240',1,1,1,1,'2010-05-17 10:49:52',0,1,0,0),(78,52,1,6,'2010-05-17 11:07:09','10.224.170.104',1,1,1,1,'2010-05-17 11:07:09',0,1,0,1),(79,53,7,3,'2010-05-17 13:19:11','10.224.172.240',1,1,1,1,'2010-05-17 13:19:11',0,1,0,0),(80,54,7,3,'2010-05-17 13:20:24','10.224.172.240',1,1,1,1,'2010-05-17 13:20:24',0,1,0,0),(81,55,7,3,'2010-05-17 13:43:19','10.224.172.240',1,1,1,1,'2010-05-17 13:53:49',1,1,0,0),(82,56,7,3,'2010-05-17 13:51:11','10.224.172.240',1,1,1,1,'2010-05-17 13:51:11',0,1,0,0),(83,57,7,3,'2010-05-17 13:56:44','10.224.172.240',1,1,1,1,'2010-05-17 13:56:44',0,1,0,0),(84,58,7,3,'2010-05-17 13:58:43','10.224.172.240',1,1,1,1,'2010-05-17 13:58:43',0,1,0,0),(85,59,7,3,'2010-05-17 14:01:12','10.224.172.240',1,1,1,1,'2010-05-17 14:01:12',0,1,0,0),(86,60,7,3,'2010-05-17 14:04:00','10.224.172.240',1,1,1,1,'2010-05-17 14:05:27',1,1,0,0),(87,61,7,3,'2010-05-17 14:07:00','127.0.0.1',1,1,1,1,'2010-05-17 14:07:00',0,1,0,0),(88,62,7,3,'2010-05-17 14:08:12','127.0.0.1',1,1,1,1,'2010-05-17 14:08:12',0,1,0,0),(89,63,7,3,'2010-05-17 14:11:23','127.0.0.1',1,1,1,1,'2010-05-17 14:11:23',0,1,0,0),(90,64,7,3,'2010-05-17 14:14:49','127.0.0.1',1,1,1,1,'2010-05-17 14:14:49',0,1,0,0),(91,65,7,3,'2010-05-17 14:17:20','127.0.0.1',1,1,1,1,'2010-05-17 14:17:20',0,1,0,0),(92,66,7,3,'2010-05-17 14:17:58','127.0.0.1',1,1,1,1,'2010-05-17 14:17:58',0,1,0,0),(93,67,7,3,'2010-05-17 14:20:24','127.0.0.1',1,1,1,1,'2010-05-17 14:20:24',0,1,0,0),(94,68,7,3,'2010-05-17 14:20:58','127.0.0.1',1,1,1,1,'2010-05-17 14:20:58',0,1,0,0),(95,69,7,3,'2010-05-17 14:21:39','127.0.0.1',1,1,1,1,'2010-05-17 14:21:40',0,1,0,0),(96,70,7,3,'2010-05-17 14:22:19','127.0.0.1',1,1,1,1,'2010-05-17 14:22:19',0,1,0,0),(97,71,7,3,'2010-05-17 14:23:29','127.0.0.1',1,1,1,1,'2010-05-17 14:23:29',0,1,0,0),(98,72,7,3,'2010-05-17 14:26:48','127.0.0.1',1,1,1,1,'2010-05-17 14:26:48',0,1,0,0),(99,73,7,3,'2010-05-17 14:28:21','127.0.0.1',1,1,1,1,'2010-05-17 14:28:21',0,1,0,0),(100,74,7,3,'2010-05-17 14:30:24','127.0.0.1',1,1,1,1,'2010-05-17 14:30:24',0,1,0,0),(101,75,7,3,'2010-05-17 14:31:13','127.0.0.1',1,1,1,1,'2010-05-17 14:31:13',0,1,0,0),(102,76,7,3,'2010-05-17 14:31:56','127.0.0.1',1,1,1,1,'2010-05-17 14:31:56',0,1,0,0),(103,77,7,3,'2010-05-17 14:32:24','127.0.0.1',1,1,1,1,'2010-05-17 14:32:24',0,1,0,0),(104,78,7,3,'2010-05-17 14:33:10','127.0.0.1',1,1,1,1,'2010-05-17 14:33:10',0,1,0,0),(105,79,7,3,'2010-05-17 14:34:10','127.0.0.1',1,1,1,1,'2010-05-17 14:34:30',1,1,0,0),(106,80,7,3,'2010-05-17 14:36:21','127.0.0.1',1,1,1,1,'2010-05-17 14:36:21',0,1,0,0),(107,81,7,3,'2010-05-17 14:38:27','127.0.0.1',1,1,1,1,'2010-05-17 14:38:27',0,1,0,0),(108,82,7,3,'2010-05-17 14:39:37','127.0.0.1',1,1,1,1,'2010-05-17 14:39:37',0,1,0,0),(109,83,7,3,'2010-05-17 14:49:37','127.0.0.1',1,1,1,1,'2010-05-17 14:49:37',0,1,0,0),(110,84,7,3,'2010-05-17 14:51:00','127.0.0.1',1,1,1,1,'2010-05-17 14:51:00',0,1,0,0),(111,85,7,3,'2010-05-17 14:52:27','127.0.0.1',1,1,1,1,'2010-05-17 14:52:27',0,1,0,0),(112,86,7,3,'2010-05-17 14:53:13','127.0.0.1',1,1,1,1,'2010-05-17 14:53:13',0,1,0,0),(113,87,7,3,'2010-05-17 14:59:50','127.0.0.1',1,1,1,1,'2010-05-17 14:59:50',0,1,0,0),(114,88,7,3,'2010-05-17 15:05:04','127.0.0.1',1,1,1,1,'2010-05-17 15:05:04',0,1,0,0),(115,89,7,3,'2010-05-17 15:06:16','127.0.0.1',1,1,1,1,'2010-05-17 15:06:16',0,1,0,0),(116,90,7,3,'2010-05-17 15:08:06','127.0.0.1',1,1,1,1,'2010-05-17 15:08:06',0,1,0,0),(117,91,7,3,'2010-05-17 15:10:35','127.0.0.1',1,1,1,1,'2010-05-17 15:10:35',0,1,0,0),(118,92,7,3,'2010-05-17 15:22:41','127.0.0.1',1,1,1,1,'2010-05-17 15:22:41',0,1,0,0),(119,93,7,3,'2010-05-17 15:24:54','127.0.0.1',1,1,1,1,'2010-05-17 15:24:54',0,1,0,0),(120,94,7,3,'2010-05-17 15:26:05','127.0.0.1',1,1,1,1,'2010-05-17 15:26:05',0,1,0,0),(121,95,7,3,'2010-05-17 15:27:43','127.0.0.1',1,1,1,1,'2010-05-17 15:27:43',0,1,0,0),(122,96,7,3,'2010-05-17 15:29:03','127.0.0.1',1,1,1,1,'2010-05-17 15:29:03',0,1,0,0),(123,97,7,3,'2010-05-17 15:30:37','127.0.0.1',1,1,1,1,'2010-05-17 15:30:37',0,1,0,0),(124,98,7,3,'2010-05-17 15:31:49','127.0.0.1',1,1,1,1,'2010-05-17 15:31:49',0,1,0,0),(125,99,7,3,'2010-05-17 15:33:11','127.0.0.1',1,1,1,1,'2010-05-17 15:33:11',0,1,0,0),(126,100,7,3,'2010-05-17 15:44:45','10.224.172.240',1,1,1,1,'2010-05-17 15:44:45',0,1,0,0),(127,101,7,3,'2010-05-17 15:47:30','10.224.172.240',1,1,1,1,'2010-05-17 15:47:30',0,1,0,0),(128,102,7,3,'2010-05-17 15:50:36','10.224.172.240',1,1,1,1,'2010-05-17 15:50:36',0,1,0,0),(129,103,7,3,'2010-05-17 15:51:30','10.224.172.240',1,1,1,1,'2010-05-17 15:51:30',0,1,0,0),(131,105,7,3,'2010-05-17 15:54:15','10.224.172.240',1,1,1,1,'2010-05-17 15:54:15',0,1,0,0),(132,1,7,3,'2010-05-17 15:56:58','10.224.172.240',1,1,1,1,'2010-05-17 15:56:58',0,1,0,0),(133,14,7,2,'2010-05-17 15:57:29','10.224.172.240',1,1,1,1,'2010-05-17 15:57:29',0,1,0,0),(134,106,7,3,'2010-05-17 15:58:24','10.224.172.240',1,1,1,1,'2010-05-17 15:59:49',1,1,0,0),(135,106,7,3,'2010-05-17 16:00:11','10.224.172.240',1,1,1,1,'2010-05-17 16:00:11',0,1,0,0),(136,106,7,3,'2010-05-17 16:00:26','10.224.172.240',1,0,1,1,'2010-05-17 16:00:26',0,1,0,0),(137,107,7,3,'2010-05-17 16:01:05','10.224.172.240',1,1,1,1,'2010-05-17 16:01:05',0,1,0,0),(138,108,7,3,'2010-05-17 16:02:21','10.224.172.240',1,1,1,1,'2010-05-17 16:02:21',0,1,0,0),(139,109,7,3,'2010-05-17 16:03:55','10.224.172.240',1,1,1,1,'2010-05-17 16:03:56',0,1,0,0),(140,109,7,2,'2010-05-17 16:04:41','10.224.172.240',1,0,1,1,'2010-05-17 16:04:41',0,1,0,0),(141,110,7,3,'2010-05-17 16:06:06','10.224.172.240',1,1,1,1,'2010-05-17 16:06:06',0,1,0,0),(142,111,7,3,'2010-05-17 16:06:37','10.224.172.240',1,1,1,1,'2010-05-17 16:06:37',0,1,0,0),(143,112,7,3,'2010-05-17 16:07:11','10.224.172.240',1,1,1,1,'2010-05-17 16:07:11',0,1,0,0),(144,113,7,3,'2010-05-17 16:09:33','10.224.172.240',1,1,1,1,'2010-05-17 16:09:33',0,1,0,0),(145,114,7,3,'2010-05-17 16:11:22','10.224.172.240',1,1,1,1,'2010-05-17 16:11:22',0,1,0,0),(146,114,7,3,'2010-05-17 16:12:25','10.224.172.240',1,1,1,1,'2010-05-17 16:12:25',0,1,0,0),(147,114,7,3,'2010-05-17 16:13:04','10.224.172.240',1,1,1,1,'2010-05-17 16:13:04',0,1,0,0),(148,114,7,3,'2010-05-17 16:13:34','10.224.172.240',1,0,1,1,'2010-05-17 16:13:34',0,1,0,0),(149,115,7,3,'2010-05-17 16:15:31','10.224.172.240',1,1,1,1,'2010-05-17 16:15:31',0,1,0,0),(150,116,7,3,'2010-05-18 10:35:58','10.224.172.240',1,1,1,1,'2010-05-18 10:35:58',0,1,0,0),(151,117,7,3,'2010-05-18 10:38:53','10.224.172.240',1,1,1,1,'2010-05-18 10:38:53',0,1,0,0),(152,118,7,3,'2010-05-18 10:46:36','10.224.172.240',1,1,1,1,'2010-05-18 10:46:36',0,1,0,0),(153,117,7,3,'2010-05-18 10:52:10','10.224.172.240',1,0,1,1,'2010-05-18 10:52:10',0,1,0,0),(154,119,7,3,'2010-05-18 11:17:07','10.224.172.240',1,1,1,1,'2010-05-18 11:17:07',0,1,0,0),(155,120,7,7,'2010-05-18 17:04:24','10.224.172.240',1,1,1,1,'2010-05-18 17:04:24',0,1,0,0);
/*!40000 ALTER TABLE `jforum_posts` ENABLE KEYS */;
UNLOCK TABLES;

--
-- Table structure for table `jforum_posts_text`
--

DROP TABLE IF EXISTS `jforum_posts_text`;
CREATE TABLE `jforum_posts_text` (
  `post_id` int(11) NOT NULL,
  `post_text` text,
  `post_subject` varchar(100) default NULL,
  PRIMARY KEY  (`post_id`)
) ENGINE=InnoDB DEFAULT CHARSET=utf8;

--
-- Dumping data for table `jforum_posts_text`
--

LOCK TABLES `jforum_posts_text` WRITE;
/*!40000 ALTER TABLE `jforum_posts_text` DISABLE KEYS */;
INSERT INTO `jforum_posts_text` VALUES (1,'论坛登录时的用户名 出现乱码.','论坛----乱码问题'),(2,'如题。','发表新主题----表情符号图片不显示'),(3,'fasdfasdf','test1_one'),(4,'tests','test1_one'),(5,':oops: <p>哈哈</p>笑一个','和你开玩笑的'),(6,'<img     />','发表新主题----test'),(7,'后台管理－意见建议 后一页 错误','后台管理－意见建议'),(8,'刚发布的怎么就两次浏览了 如题','刚发布的怎么就两次浏览了'),(9,'如题','查看次数好像集体不对'),(10,'如题','浏览次数怎么算的'),(11,':( :D :-) :)如题','主站footer的意见建议list UI有问题'),(12,'<img     />&nbsp; 点这里的表情也可以用','发帖时表情要启用html功能后才能用'),(13,'就是这个输入框上面那个','这里的表情符号不能正常显示'),(14,'如题','点论坛上的logo怎么转到登录页面了'),(15,'如题','发帖的问题还真多，如果内容为空点发送，提示出错后标题也被清空了'),(17,'done, 是message focus时会刷新page','发帖的问题还真多，如果内容为空点发送，提示出错后标题也被清空了'),(18,'done;\r\n<a href=\"http://192.168.18.168:8080/suduforum/\">会走一下sso，发现没登录就转到login page；','点论坛上的logo怎么转到登录页面了'),(19,'测试表情<img     />预览是就不好了','回复:这里的表情符号不能正常显示'),(20,'<p>[quote=Admin]测试表情<img  />预览是就不好了[/quote]</p><p>&nbsp;</p><p>&lt;img&nbsp;&nbsp;&nbsp;&nbsp; /&gt;预览是就不好了</p>','回复:这里的表情符号不能正常显示'),(21,'<p>分两个问题：</p><p>1， 左边的表情在去掉html功能是不能用；</p><p>2， 上边的表情，图片没显示；</p>','回复:这里的表情符号不能正常显示'),(22,':(','回复:这里的表情符号不能正常显示'),(23,'<p>要有选中才有效</p>','回复:这里的表情符号不能正常显示'),(24,'aaa<img src=\"../../../templates/default/editors/tiny_mce/plugins/emotions/images/smiley-frown.gif\" border=\"0\" alt=\"皱眉\" title=\"皱眉\" />','回复:这里的表情符号不能正常显示'),(25,'这个问题暂缓','发帖时表情要启用html功能后才能用'),(26,'done','主站footer的意见建议list UI有问题'),(27,'除了首发算两次 其他好像也没问题','浏览次数怎么算的'),(28,'次数好像没大问题，但排序不知道怎么算的','查看次数好像集体不对'),(29,'小问题，不管了','刚发布的怎么就两次浏览了'),(30,'ok','后台管理－意见建议'),(31,'表情问题，暂缓','发表新主题----test'),(32,'准备独立战斗','他以为他很厉害呢'),(33,'表情问题 暂缓','发表新主题----表情符号图片不显示'),(34,'done','论坛----乱码问题'),(35,'快速回复 怎么不行了','论坛----乱码问题'),(36,'换个不是admin的 快速回复试试','test1_one'),(37,'try again.','test1_one'),(38,'如题','首页 知识改变命运 几个字太顶了'),(39,'<p>up</p><p>&nbsp;</p>','光荣榜的总人数不对'),(40,'up','主站IE tab中没ico logo'),(41,'up','系统介绍的内容不够详细，加为什么速度等'),(42,'up','训练课程再加个总导图 '),(43,'up','文章搜索的风格修改'),(44,'up','每篇文章调整，并更新初始数据'),(45,'up','丹田呼吸中 继续呼吸 改成 继续吸气'),(46,' :twisted: :D :D :D  :?','test3'),(47,'up','黑点凝视 这个是基础训练，需要长期训练。  去掉'),(48,'是否需要在论坛上重新添加用户信息？','论坛的用户信息和速度主系统的数据不一致'),(49,'rt','黑点移动 眼略睁大面对展开的训练图 改成 眼睛睁大'),(50,'rt','黑点移动 让视点循线上下慢慢移动。 这句句号太多'),(51,'RT','黑点凝视 视点循训练图上下往复移动  这句不是很通顺'),(52,'如题','黑点凝视 去掉 这个是基础训练，需要长期进行'),(53,'和你开玩笑的呢，自尊心这么强！！！','他以为他很厉害呢'),(54,'<p>[quote=Admin]准备独立战斗[/quote]没菜吃了。</p>','他以为他很厉害呢'),(55,'<p>前期按照训练课程的内容按部就班的训练；</p><p>熟悉后再准对自己的情况，选课程重点训练</p>','加训练建议 '),(56,'[quote=vincent] <p>前期按照训练课程的内容按部就班的训练；</p><p>熟悉后再准对自己的情况，选课程重点训练</p>[/quote]哦，明白了！','加训练建议 '),(57,'如题','视点横/纵向移动  训练时间是一分钟的 但后面的统计都按2分钟计算'),(58,'如题','视点横/纵向移动  与菜单的显示不一致'),(59,'如题。 :(','论坛-管理中心-回复通知：  下面的语句太长，以致显示成两行，不太好看'),(60,'不按照输入条件yyyy-mm-dd，也可以输入，而且没有错误信息。','论坛-管理中心-出生年月日 对输入的数据没有限制。'),(61,'如题','视点书页连结 改成 视点书页连接'),(62,'如题','训练单元中 有空间的地方 标题与下面的内容都要有空隙'),(63,'如题','视点书页连接 鼻梁对训练图中丸与训练团距离约30一40厘米。  改成 训练图'),(64,'如题','训练书页连接 视点从训练图的右上开始 改成 左上开始'),(65,'如题','视点书页连接  跟从波形曲钱移动。 改成 波形线'),(66,'最好是把&ldquo;论坛首页&rdquo;的链接加在工具栏里，与管理中心，我的主题，我的书签等放在一起。','在“我的主题”页面上，没有可以直接进入论坛首页的链接'),(67,'如题','视点书页连结  这个也是一分钟'),(68,'如题','有很多训练单元的时间都是一分钟的  统计要改 确认训练退出是否也是一分钟'),(69,'如题',' 二分钟后自动退出训练模式或双击直接退出训练模式   风格不一致'),(70,'如题','测到舒特尔'),(71,'<p>我是先用快捷方式登录的</p>','已经登录了 但论坛sso不成功'),(72,'<p>如题</p>','同帐号 二次登录的提示页面不友好'),(73,'如题','光荣榜窗口 在宽屏上的显示位置不友好'),(74,'如题','训练时间改成 实战训练时间'),(75,'如题','看jint的实战训练 是多长时间'),(76,'如题','速读排行榜 中应该限制弹出框，一次弹一个，或者覆盖前面的弹出框。'),(77,'如题','像辅助训练那样  给 速读训练 加个标题'),(78,'<img     />左边的表情符号IE6.0 竟然看不了。。。。<img     />','左边的表情符号IE6.0 竟然看不了。。。。'),(79,'<p>加对当前用户的建议信息</p><p>本人的记录；平均速读；重点训练强调；</p>','实战训练记录处点击也要能显示些信息'),(80,'如题','文字扩展 管理中心/资料上传\'  加链接'),(81,'如题 横向 纵向都有这个问题','焦点移动 均需至少训练3次。  不通顺'),(82,'如题','焦点纵向移动 焦点 要能迅速  内容中有空格'),(83,'如题','初始新消息的值'),(84,'如题','有没看过的新消息 加闪动效果'),(85,'如题','有管理中心/资料上传\' 的地方加说明，系统优先用用户自己上传的文档作为训练资料'),(86,'如题； 去掉下面的超链接就可以了， 检查超链接的case','vincent帐号进去的上传的资料 在2800级别 阅读训练 训练页面有html 错误'),(87,'如题','论坛改成 不登录也可以查看，但要加个login的地方，不登录不能发帖 不能回复'),(88,'如题','精读文章统一修正一下 更新到initiDB文档中'),(89,'如题','训练文档调整 每个级别至少5篇文档'),(90,'如题','等级升高了 但测试文档还是那个老的问题'),(91,'如题','测试题中  :尊重中国主权对立  改成 :尊重中国主权独立'),(92,'如题','测试题有两个问号'),(93,'如题','测试结束后的 风格 要和前面的 舒特尔一致'),(94,'如题','测试训练 后 的再练一次 没用 是直接退出的'),(95,'如题','闪读测试 通过水平测试  改成 通过闪读测试'),(96,'如题','闪读测试的 示意图 要换 更现在用的不一致'),(97,'如题','闪读测试的说明中 没有训练时间这一项  和其他的风格不一致  看看其他有没有这个情况'),(98,'如题','闪读测试 和 测试题目 的间隔要固定 现在跳来跳去的'),(99,'如题','奇像记忆 第一页的 论坛跳转 但论坛中没有记忆栏了'),(100,'如题','奇像记忆 介绍的X位置不友好'),(101,'如题','奇像记忆的 每天的训练内容细细检查'),(102,'如题','思维导图 链接到论坛的栏目也没有了'),(103,'如题','思维导图 文章内容细细检查'),(104,'如题','思维导图 加 工具介绍'),(105,'看其他的标题有没有和菜单不一致的情况；可以空行也没空行；','曼陀罗图训练法 改成 曼陀罗图训练'),(106,'如题','曼陀罗 如果继续做这种练习的话  改成 如果连续做这种练习的话'),(107,'如题','曼陀罗 关键词 加右脑想象力'),(108,'如题','严重的问题  发帖是 正文为空就发送 关闭提示后 填写正文再发送 新贴没生成'),(109,'如题','曼陀罗 出现\'下一训练图\'按钮时,单击按钮直接进入下一个曼陀罗图训练. 这个功能没了'),(110,'如题','3D卡片训练法 标题风格调整'),(111,'如题','3D卡片训练法 将你 的眼睛所看 内容中有空格'),(112,'如题','3D 关键词 加 思维图像'),(113,'如题','网站地图中的论坛这快要调整'),(114,'如题','没登录提交问题建议有问题，应该不让提交'),(115,'最新的情况&nbsp; 联系','广告联系 调整'),(116,'如题','关于我们 感觉要调整一下'),(117,'如题','走进速读 除了精读文章 还有几个固定版面要都检查一遍'),(118,'如题','关于我们 希望在您迈向人生巅峰的成功路上，威思人的努力能助您一臂之力。  改成这样'),(119,'<p>做成静态页面；</p><p>流量统计：统计的方法 统计网站的link；</p><p>系统监控：去掉</p><p>重要日志：系统完成，系统上线，系统计划中</p>','后台管理的  左下三个菜单完善'),(120,'如题','后台管理 站内消息详细要加创建者的信息'),(121,'如题','问题建议的排序改成 未处理 先 再按时间排'),(122,'如题','阅读题库 list中 列出 是否带测试题'),(123,'如题','精读类别 太多了 简化到5个一下'),(124,'如题','顶次数 统统改成 推荐次数'),(125,'如题','论坛 用户信息这块的 上面部分要变disable 现在是sso了'),(126,'如题','论坛 头像不好马上更新'),(127,'如题','论坛 有时主站登录了 论坛不能sso 在firefox中这样的'),(128,'如题','论坛 返回首页 改成 返回主站，并返回时要能自己登录主站'),(129,'如题','论坛 最新主题 和 热门主题的 个数哪里设置的'),(131,'如题','论坛 管理日志 只能admin看到'),(132,'<p>顶</p>','回复:论坛----乱码问题'),(133,'admin回复了','回复:发帖的问题还真多，如果内容为空点发送，提示出错后标题也被清空了'),(134,'<p>如题，</p><p>编辑测试</p>','论坛 有人回复 怎么通知我 邮件吗'),(135,'[quote=vincent] <p>如题，</p><p>编辑测试</p><p>[/quote]</p><p>引用测试</p>','论坛 有人回复 怎么通知我 邮件吗'),(136,'快速回复测试','论坛 有人回复 怎么通知我 邮件吗'),(137,'如题','论坛的五角星等级 设置规则是什么'),(138,'如题','点论坛的logo转到 login页面了'),(139,'<p>投一个：</p>','股市明天走势投票决定'),(140,'无聊的投票','股市明天走势投票决定'),(141,'如题','论坛 普通用户不应该有 置顶 公告的权限'),(142,'如题','新贴在置顶后面？'),(143,'如题','论坛 再试个公告'),(144,'<p>先备份先有数据</p><p>初始数据测试</p><p>成功后再用备份的数据替换</p>','db 初始数据的db script也要有delete table的功能，这样便于测试'),(145,'<p>当当网联动总裁李国庆</p><p>　　近日，当当网位于河南省郑州市的物流中心正式开始为读者服务。在不到一年的时间内，当当网先后启用了成都、武汉、郑州三个仓储中心，进而完成了当当网商品可以送达全国任何地方的诺言。1999年当当网创办之初，曾经历了9年的赔钱历程，从2009年开始当当网全面盈利并不断开拓自己的版图和经营范围。在创业过程中，当当网联动总裁李国庆总结出16个字的成功诀窍。</p><p>　　苦营9年迎来首次盈利</p><p>　　当当网是李国庆和他的夫人俞渝共同建立的。&quot;其实，我们创办当当网的想法非常简单，非常朴素。&quot;李国庆说，&quot;刚刚从美国留学归来的俞渝觉得在国内买东西特别别扭。因为国内的商场普遍都是按品牌分类，不管喜欢不喜欢都要把一个品牌全部看完。这让习惯了美国生活的俞渝很不习惯。于是，我们就决定从消费者的直观感受出发，做一个消费者愿意进行消费的网上商店。&quot;就这样，李国庆为了能让爱妻俞渝方便购物，开始了自己的网上购物创业路。</p><p>　　1999年，当当网正式成立。此后的一段时期内，当当网在&quot;圈内&quot;被认为是一家十分奇怪的公司--迟迟不盈利、又不愿意卖掉的夫妻店--俞渝负责行政、财务、外联，李国庆负责技术、市场、物流等，把传统的女主内、男主外转变成了女主外、男主内。</p><p>　　其实就在成立当年，李国庆就拉来了IDG、卢森堡剑桥、软银等共计800万美元的风险投资，而且是投资方逼着李国庆赶紧把钱&quot;花光&quot;。初次揽到投资的李国庆对投资方如此大度的语气显然没有缓过神。他回忆当时跟投资方的对话：</p><p>　　&quot;钱烧光怎么办?&quot;</p><p>　　&quot;再去拿两三千万美元。&quot;</p><p>　　&quot;钱都烧光了，又拿两三千万怎么估值呢?&quot;</p><p>　　&quot;没事，就让那两三千万占20%。&quot;</p><p>　　&quot;什么都没干就值那么多钱?&quot;</p><p>　　&quot;是，有&lsquo;概念\'就值钱。&quot;</p><p>　　&quot;有概念总要有流量啊。&quot;</p><p>　　&quot;有人点我们也是我们的价值，这样叫吸引眼球，注意经济。&quot;</p><p>　　无疑，这是一种新的思潮，新的商业模式，它对当时人们的理念和价值观都带来巨大的冲击，让年轻人热血澎湃。回忆起这段往事，李国庆依然清晰在目。</p><p>　　在投资人的逼迫&quot;烧钱&quot;之下，李国庆做了一个800万元的广告投放计划，原来准备就在网上投，结果投资人明确表示要投远离互联网的传统广告。于是他们在上海和北京投了三条公交线路的车身广告，再加上《南方周末》一个半版的广告，花掉了400万元，却发现连一个水花都没有溅起来，瞬间就被无声无息地淹没了。</p><p>　　诸如这般的创业挫折，在2000年初的李国庆看来，可能只是个&quot;赔钱&quot;的开始。性格刚毅豪爽的他从一开始，就做好了8年盈利的准备。但是，当当网却赔了9年钱。终于，9年的煎熬换来了2009年的盈利。2009年3月，李国庆自豪地宣布，当当网已经跨过了全面盈利的门槛，平均毛利率达到20%左右，净利率则为3%，接近传统零售业的盈利水平。尽管环顾业内，还没有一家B2C企业能做到这一点，但这距创业之初李国庆既定的盈利时间表，还是晚了两年之久。</p><p>　　&quot;从成立之初我们就采取了谨慎的持平增长策略，此前我们赔了9年，可始终是保持略亏损，只是亏了总销售额的12%，但是换来的是100%的增长。我始终认为，我不要200%增长，那会亏18%，300%的增长则要亏24%，等于把毛利率都亏掉。&quot;李国庆说，当当网手里始终留有&quot;过冬的钱&quot;，上次融资的钱至今还躺在账上。过去9年，当当网只亏掉了3000万美元，这笔钱连西单图书大厦的地基都买不起，但当当网今天的销售额是后者的十多倍。</p><p>　　高低价格策略换来高点击率</p><p>　　关于当当网为何能够先于卓越亚马逊等同业实现盈利，李国庆总结为四句话16个字：&quot;省吃俭用、市场效益、采购优势、运营效益。&quot;谨慎的策略，最终促使当当网成为十年前创生的那批网上书店中硕果仅存的B2C企业之一。&quot;低价是当当品牌的核心，而对于成本的最大化压缩保证了我们低价策略的顺利实施。&quot;</p><p>　　在最大可能的压缩成本方面，当当网可谓做到了极致。比如，当当网扩展库房后拆卸下来的旧货架，进行维修后仍会二次利用;当当网用塑料袋而非成本更高的纸箱包装商品;为节省物流配送成本，当当网在城际之间的集中配送环节大多选择自己配送。此外，当当网还通过&quot;战略采购合作&quot;来不断降低采购成本。</p><p>　　&quot;我们的库房使用了很多年，没有进行大规模的更新升级。只要够用，没有必要花冤枉钱。扩展库房后拆卸下来的旧货架，全部都进行维修后继续使用。精简下来的费用，都能为盈利做贡献。&quot;但是，当当网的省吃俭用也是有原则的，比如技术开发的经费投入，不仅没有减少，反而不断上升。&quot;技术部门的办公室装修得比我的办公室还要好。&quot;李国庆笑着说。</p><p>　　当当网市场效益提高的另一原因是顾客回头率与忠诚度的提升。其原因在于当当网采用的促销方式--High-Low Price策略，即高低价格策略。该价格策略被称为&quot;家乐福模式&quot;(平时的价格变化不大或打折不多，而促销时的价格较低)。事实证明，对图书价格极其敏感的读者很吃这一套。价格忽高忽低带来的是频繁的点击，点击率上升带来的是网站高流量，高流量自然带来高销售。而其他网店采用的&quot;沃尔玛模式&quot;(天天平价策略)，在吸引顾客方面，李国庆认为效果不如前者来得明显。</p><p>　　而物流成本和客服成本的节省也为当当网带来了运营效益。比如，当当网放弃县级与不发达市级的市场;用塑料袋包装商品而不是成本更高的纸箱子......&quot;当当网的材料费占运营成本的1%，我们的竞争对手要占到3%。&quot;言语中，李国庆对竞争对手的情况了如指掌。</p><p>　　转型以求更多发展</p><p>　　在李国庆眼中，当当网要实现规模化扩张，不仅要节流，更要开源。从几年前开始，当当网在保持图书业务的既有优势持续发展的同时，就向3C、数码、母婴、家居等百货领域一路延伸，商品种类如今已达百万种之多。而在近日，当当网投资建立的位于河南郑州的郑州物流基地也已开始了投送工作。在不足一年的时间，李国庆为了能扩大经营，建立了3家物流基地，在去年上半年启用四川成都西南物流中心后，又在11月建立了武汉的物流仓储中心。</p><p>　　时隔半年，当当网又在郑州投建其第六个物流中心。&quot;目前，当当网在北京、上海、广州、成都、武汉、郑州设有总面积达12万平方米的六大配送中心，商品可以送达全国任何地方。当当网今年在物流及仓储方面还将继续投入建设，不过具体情况目前不便透露。&quot;李国庆介绍道。</p><p>　　如今的当当网建立的六大物流中心，可以送达全国任何地区，成为国内电子商务公司中库房面积最大、物流配送网络最广泛和最发达的公司，并建成了国内最大的&quot;货到付款快递服务体系&quot;，货到付款的城市超过800个。</p><p>　　&quot;为强化供应链物流管理，逐步建立分布式物流体系，当当网目前已经从传统零售巨头那里挖了很多高级人才，如原沃尔玛的中国物流总监高健、原华润万家的CEO王进等。过去由于没有部署分布式物流架构，当当网的百货商品全部从北京发货，而随着分布式物流架构的部署上线，这一瓶颈已经被打破。&quot;李国庆表示。</p><p>　　历经十年品牌、技术、平台、基础设施的积累，当当网目前的图书年销售额已达到20多亿元，在图书网上零售领域占据半壁江山，并占据整个中国图书市场10%-15%的份额，今年，当当网的目标是将图书零售做到40亿元，但鉴于图书网购市场已逼近增长的天花板，要做成大格局的零售帝国，显然必须要向边界更广袤的百货零售市场转移。而步入2010年，当当网显然吹响了自己进军百货业务的号角。从人才的引进，到网站首页的改版，这一切都意味着当当网将从全国最大图书商城转变成为全国最大的网络商城。</p><p>　　&quot;过去十年当当网在图书领域已经积累了足够的品牌势能，可以说，在图书网上零售领域，大型的战役已经基本完结，今天我们就是拿着望远镜也已经找不到对手。现在即便把图书挪到四层以上，也一点不会影响销量。所以我们决定把一至三层的货架腾出来，留给百货。&quot;李国庆表示，&quot;靠着规模成本、采购优势，以及自营加联营两条腿走路的战略，当当网在百货领域的规模增长一定能覆盖得住规模损耗，未来两三年内，当当网将在盈利的基础上至少达到每年100亿元销售额。&quot;李国庆预计，最迟在2012年，百货销售额的占比将上升到50%。</p><p>　　不只是百货。作为战略扩张的一部分，李国庆眼下着手进军的领域尚有很多，例如手机图书下载、手机购物、电子书阅读器、类似于百货联营商城模式的联营书店等。</p>','测试超多行内容的情况'),(146,'可以用的 就是不知道有没有最大限制','回复:测试超多行内容的情况'),(147,'<p>当当网联动总裁李国庆</p><p>　　近日，当当网位于河南省郑州市的物流中心正式开始为读者服务。在不到一年的时间内，当当网先后启用了成都、武汉、郑州三个仓储中心，进而完成了当当网商品可以送达全国任何地方的诺言。1999年当当网创办之初，曾经历了9年的赔钱历程，从2009年开始当当网全面盈利并不断开拓自己的版图和经营范围。在创业过程中，当当网联动总裁李国庆总结出16个字的成功诀窍。</p><p>　　苦营9年迎来首次盈利</p><p>　　当当网是李国庆和他的夫人俞渝共同建立的。&quot;其实，我们创办当当网的想法非常简单，非常朴素。&quot;李国庆说，&quot;刚刚从美国留学归来的俞渝觉得在国内买东西特别别扭。因为国内的商场普遍都是按品牌分类，不管喜欢不喜欢都要把一个品牌全部看完。这让习惯了美国生活的俞渝很不习惯。于是，我们就决定从消费者的直观感受出发，做一个消费者愿意进行消费的网上商店。&quot;就这样，李国庆为了能让爱妻俞渝方便购物，开始了自己的网上购物创业路。</p><p>　　1999年，当当网正式成立。此后的一段时期内，当当网在&quot;圈内&quot;被认为是一家十分奇怪的公司--迟迟不盈利、又不愿意卖掉的夫妻店--俞渝负责行政、财务、外联，李国庆负责技术、市场、物流等，把传统的女主内、男主外转变成了女主外、男主内。</p><p>　　其实就在成立当年，李国庆就拉来了IDG、卢森堡剑桥、软银等共计800万美元的风险投资，而且是投资方逼着李国庆赶紧把钱&quot;花光&quot;。初次揽到投资的李国庆对投资方如此大度的语气显然没有缓过神。他回忆当时跟投资方的对话：</p><p>　　&quot;钱烧光怎么办?&quot;</p><p>　　&quot;再去拿两三千万美元。&quot;</p><p>　　&quot;钱都烧光了，又拿两三千万怎么估值呢?&quot;</p><p>　　&quot;没事，就让那两三千万占20%。&quot;</p><p>　　&quot;什么都没干就值那么多钱?&quot;</p><p>　　&quot;是，有&lsquo;概念\'就值钱。&quot;</p><p>　　&quot;有概念总要有流量啊。&quot;</p><p>　　&quot;有人点我们也是我们的价值，这样叫吸引眼球，注意经济。&quot;</p><p>　　无疑，这是一种新的思潮，新的商业模式，它对当时人们的理念和价值观都带来巨大的冲击，让年轻人热血澎湃。回忆起这段往事，李国庆依然清晰在目。</p><p>　　在投资人的逼迫&quot;烧钱&quot;之下，李国庆做了一个800万元的广告投放计划，原来准备就在网上投，结果投资人明确表示要投远离互联网的传统广告。于是他们在上海和北京投了三条公交线路的车身广告，再加上《南方周末》一个半版的广告，花掉了400万元，却发现连一个水花都没有溅起来，瞬间就被无声无息地淹没了。</p><p>　　诸如这般的创业挫折，在2000年初的李国庆看来，可能只是个&quot;赔钱&quot;的开始。性格刚毅豪爽的他从一开始，就做好了8年盈利的准备。但是，当当网却赔了9年钱。终于，9年的煎熬换来了2009年的盈利。2009年3月，李国庆自豪地宣布，当当网已经跨过了全面盈利的门槛，平均毛利率达到20%左右，净利率则为3%，接近传统零售业的盈利水平。尽管环顾业内，还没有一家B2C企业能做到这一点，但这距创业之初李国庆既定的盈利时间表，还是晚了两年之久。</p><p>　　&quot;从成立之初我们就采取了谨慎的持平增长策略，此前我们赔了9年，可始终是保持略亏损，只是亏了总销售额的12%，但是换来的是100%的增长。我始终认为，我不要200%增长，那会亏18%，300%的增长则要亏24%，等于把毛利率都亏掉。&quot;李国庆说，当当网手里始终留有&quot;过冬的钱&quot;，上次融资的钱至今还躺在账上。过去9年，当当网只亏掉了3000万美元，这笔钱连西单图书大厦的地基都买不起，但当当网今天的销售额是后者的十多倍。</p><p>　　高低价格策略换来高点击率</p><p>　　关于当当网为何能够先于卓越亚马逊等同业实现盈利，李国庆总结为四句话16个字：&quot;省吃俭用、市场效益、采购优势、运营效益。&quot;谨慎的策略，最终促使当当网成为十年前创生的那批网上书店中硕果仅存的B2C企业之一。&quot;低价是当当品牌的核心，而对于成本的最大化压缩保证了我们低价策略的顺利实施。&quot;</p><p>　　在最大可能的压缩成本方面，当当网可谓做到了极致。比如，当当网扩展库房后拆卸下来的旧货架，进行维修后仍会二次利用;当当网用塑料袋而非成本更高的纸箱包装商品;为节省物流配送成本，当当网在城际之间的集中配送环节大多选择自己配送。此外，当当网还通过&quot;战略采购合作&quot;来不断降低采购成本。</p><p>　　&quot;我们的库房使用了很多年，没有进行大规模的更新升级。只要够用，没有必要花冤枉钱。扩展库房后拆卸下来的旧货架，全部都进行维修后继续使用。精简下来的费用，都能为盈利做贡献。&quot;但是，当当网的省吃俭用也是有原则的，比如技术开发的经费投入，不仅没有减少，反而不断上升。&quot;技术部门的办公室装修得比我的办公室还要好。&quot;李国庆笑着说。</p><p>　　当当网市场效益提高的另一原因是顾客回头率与忠诚度的提升。其原因在于当当网采用的促销方式--High-Low Price策略，即高低价格策略。该价格策略被称为&quot;家乐福模式&quot;(平时的价格变化不大或打折不多，而促销时的价格较低)。事实证明，对图书价格极其敏感的读者很吃这一套。价格忽高忽低带来的是频繁的点击，点击率上升带来的是网站高流量，高流量自然带来高销售。而其他网店采用的&quot;沃尔玛模式&quot;(天天平价策略)，在吸引顾客方面，李国庆认为效果不如前者来得明显。</p><p>　　而物流成本和客服成本的节省也为当当网带来了运营效益。比如，当当网放弃县级与不发达市级的市场;用塑料袋包装商品而不是成本更高的纸箱子......&quot;当当网的材料费占运营成本的1%，我们的竞争对手要占到3%。&quot;言语中，李国庆对竞争对手的情况了如指掌。</p><p>　　转型以求更多发展</p><p>　　在李国庆眼中，当当网要实现规模化扩张，不仅要节流，更要开源。从几年前开始，当当网在保持图书业务的既有优势持续发展的同时，就向3C、数码、母婴、家居等百货领域一路延伸，商品种类如今已达百万种之多。而在近日，当当网投资建立的位于河南郑州的郑州物流基地也已开始了投送工作。在不足一年的时间，李国庆为了能扩大经营，建立了3家物流基地，在去年上半年启用四川成都西南物流中心后，又在11月建立了武汉的物流仓储中心。</p><p>　　时隔半年，当当网又在郑州投建其第六个物流中心。&quot;目前，当当网在北京、上海、广州、成都、武汉、郑州设有总面积达12万平方米的六大配送中心，商品可以送达全国任何地方。当当网今年在物流及仓储方面还将继续投入建设，不过具体情况目前不便透露。&quot;李国庆介绍道。</p><p>　　如今的当当网建立的六大物流中心，可以送达全国任何地区，成为国内电子商务公司中库房面积最大、物流配送网络最广泛和最发达的公司，并建成了国内最大的&quot;货到付款快递服务体系&quot;，货到付款的城市超过800个。</p><p>　　&quot;为强化供应链物流管理，逐步建立分布式物流体系，当当网目前已经从传统零售巨头那里挖了很多高级人才，如原沃尔玛的中国物流总监高健、原华润万家的CEO王进等。过去由于没有部署分布式物流架构，当当网的百货商品全部从北京发货，而随着分布式物流架构的部署上线，这一瓶颈已经被打破。&quot;李国庆表示。</p><p>　　历经十年品牌、技术、平台、基础设施的积累，当当网目前的图书年销售额已达到20多亿元，在图书网上零售领域占据半壁江山，并占据整个中国图书市场10%-15%的份额，今年，当当网的目标是将图书零售做到40亿元，但鉴于图书网购市场已逼近增长的天花板，要做成大格局的零售帝国，显然必须要向边界更广袤的百货零售市场转移。而步入2010年，当当网显然吹响了自己进军百货业务的号角。从人才的引进，到网站首页的改版，这一切都意味着当当网将从全国最大图书商城转变成为全国最大的网络商城。</p><p>　　&quot;过去十年当当网在图书领域已经积累了足够的品牌势能，可以说，在图书网上零售领域，大型的战役已经基本完结，今天我们就是拿着望远镜也已经找不到对手。现在即便把图书挪到四层以上，也一点不会影响销量。所以我们决定把一至三层的货架腾出来，留给百货。&quot;李国庆表示，&quot;靠着规模成本、采购优势，以及自营加联营两条腿走路的战略，当当网在百货领域的规模增长一定能覆盖得住规模损耗，未来两三年内，当当网将在盈利的基础上至少达到每年100亿元销售额。&quot;李国庆预计，最迟在2012年，百货销售额的占比将上升到50%。</p><p>　　不只是百货。作为战略扩张的一部分，李国庆眼下着手进军的领域尚有很多，例如手机图书下载、手机购物、电子书阅读器、类似于百货联营商城模式的联营书店等。</p><p>当当网联动总裁李国庆</p><p>　　近日，当当网位于河南省郑州市的物流中心正式开始为读者服务。在不到一年的时间内，当当网先后启用了成都、武汉、郑州三个仓储中心，进而完成了当当网商品可以送达全国任何地方的诺言。1999年当当网创办之初，曾经历了9年的赔钱历程，从2009年开始当当网全面盈利并不断开拓自己的版图和经营范围。在创业过程中，当当网联动总裁李国庆总结出16个字的成功诀窍。</p><p>　　苦营9年迎来首次盈利</p><p>　　当当网是李国庆和他的夫人俞渝共同建立的。&quot;其实，我们创办当当网的想法非常简单，非常朴素。&quot;李国庆说，&quot;刚刚从美国留学归来的俞渝觉得在国内买东西特别别扭。因为国内的商场普遍都是按品牌分类，不管喜欢不喜欢都要把一个品牌全部看完。这让习惯了美国生活的俞渝很不习惯。于是，我们就决定从消费者的直观感受出发，做一个消费者愿意进行消费的网上商店。&quot;就这样，李国庆为了能让爱妻俞渝方便购物，开始了自己的网上购物创业路。</p><p>　　1999年，当当网正式成立。此后的一段时期内，当当网在&quot;圈内&quot;被认为是一家十分奇怪的公司--迟迟不盈利、又不愿意卖掉的夫妻店--俞渝负责行政、财务、外联，李国庆负责技术、市场、物流等，把传统的女主内、男主外转变成了女主外、男主内。</p><p>　　其实就在成立当年，李国庆就拉来了IDG、卢森堡剑桥、软银等共计800万美元的风险投资，而且是投资方逼着李国庆赶紧把钱&quot;花光&quot;。初次揽到投资的李国庆对投资方如此大度的语气显然没有缓过神。他回忆当时跟投资方的对话：</p><p>　　&quot;钱烧光怎么办?&quot;</p><p>　　&quot;再去拿两三千万美元。&quot;</p><p>　　&quot;钱都烧光了，又拿两三千万怎么估值呢?&quot;</p><p>　　&quot;没事，就让那两三千万占20%。&quot;</p><p>　　&quot;什么都没干就值那么多钱?&quot;</p><p>　　&quot;是，有&lsquo;概念\'就值钱。&quot;</p><p>　　&quot;有概念总要有流量啊。&quot;</p><p>　　&quot;有人点我们也是我们的价值，这样叫吸引眼球，注意经济。&quot;</p><p>　　无疑，这是一种新的思潮，新的商业模式，它对当时人们的理念和价值观都带来巨大的冲击，让年轻人热血澎湃。回忆起这段往事，李国庆依然清晰在目。</p><p>　　在投资人的逼迫&quot;烧钱&quot;之下，李国庆做了一个800万元的广告投放计划，原来准备就在网上投，结果投资人明确表示要投远离互联网的传统广告。于是他们在上海和北京投了三条公交线路的车身广告，再加上《南方周末》一个半版的广告，花掉了400万元，却发现连一个水花都没有溅起来，瞬间就被无声无息地淹没了。</p><p>　　诸如这般的创业挫折，在2000年初的李国庆看来，可能只是个&quot;赔钱&quot;的开始。性格刚毅豪爽的他从一开始，就做好了8年盈利的准备。但是，当当网却赔了9年钱。终于，9年的煎熬换来了2009年的盈利。2009年3月，李国庆自豪地宣布，当当网已经跨过了全面盈利的门槛，平均毛利率达到20%左右，净利率则为3%，接近传统零售业的盈利水平。尽管环顾业内，还没有一家B2C企业能做到这一点，但这距创业之初李国庆既定的盈利时间表，还是晚了两年之久。</p><p>　　&quot;从成立之初我们就采取了谨慎的持平增长策略，此前我们赔了9年，可始终是保持略亏损，只是亏了总销售额的12%，但是换来的是100%的增长。我始终认为，我不要200%增长，那会亏18%，300%的增长则要亏24%，等于把毛利率都亏掉。&quot;李国庆说，当当网手里始终留有&quot;过冬的钱&quot;，上次融资的钱至今还躺在账上。过去9年，当当网只亏掉了3000万美元，这笔钱连西单图书大厦的地基都买不起，但当当网今天的销售额是后者的十多倍。</p><p>　　高低价格策略换来高点击率</p><p>　　关于当当网为何能够先于卓越亚马逊等同业实现盈利，李国庆总结为四句话16个字：&quot;省吃俭用、市场效益、采购优势、运营效益。&quot;谨慎的策略，最终促使当当网成为十年前创生的那批网上书店中硕果仅存的B2C企业之一。&quot;低价是当当品牌的核心，而对于成本的最大化压缩保证了我们低价策略的顺利实施。&quot;</p><p>　　在最大可能的压缩成本方面，当当网可谓做到了极致。比如，当当网扩展库房后拆卸下来的旧货架，进行维修后仍会二次利用;当当网用塑料袋而非成本更高的纸箱包装商品;为节省物流配送成本，当当网在城际之间的集中配送环节大多选择自己配送。此外，当当网还通过&quot;战略采购合作&quot;来不断降低采购成本。</p><p>　　&quot;我们的库房使用了很多年，没有进行大规模的更新升级。只要够用，没有必要花冤枉钱。扩展库房后拆卸下来的旧货架，全部都进行维修后继续使用。精简下来的费用，都能为盈利做贡献。&quot;但是，当当网的省吃俭用也是有原则的，比如技术开发的经费投入，不仅没有减少，反而不断上升。&quot;技术部门的办公室装修得比我的办公室还要好。&quot;李国庆笑着说。</p><p>　　当当网市场效益提高的另一原因是顾客回头率与忠诚度的提升。其原因在于当当网采用的促销方式--High-Low Price策略，即高低价格策略。该价格策略被称为&quot;家乐福模式&quot;(平时的价格变化不大或打折不多，而促销时的价格较低)。事实证明，对图书价格极其敏感的读者很吃这一套。价格忽高忽低带来的是频繁的点击，点击率上升带来的是网站高流量，高流量自然带来高销售。而其他网店采用的&quot;沃尔玛模式&quot;(天天平价策略)，在吸引顾客方面，李国庆认为效果不如前者来得明显。</p><p>　　而物流成本和客服成本的节省也为当当网带来了运营效益。比如，当当网放弃县级与不发达市级的市场;用塑料袋包装商品而不是成本更高的纸箱子......&quot;当当网的材料费占运营成本的1%，我们的竞争对手要占到3%。&quot;言语中，李国庆对竞争对手的情况了如指掌。</p><p>　　转型以求更多发展</p><p>　　在李国庆眼中，当当网要实现规模化扩张，不仅要节流，更要开源。从几年前开始，当当网在保持图书业务的既有优势持续发展的同时，就向3C、数码、母婴、家居等百货领域一路延伸，商品种类如今已达百万种之多。而在近日，当当网投资建立的位于河南郑州的郑州物流基地也已开始了投送工作。在不足一年的时间，李国庆为了能扩大经营，建立了3家物流基地，在去年上半年启用四川成都西南物流中心后，又在11月建立了武汉的物流仓储中心。</p><p>　　时隔半年，当当网又在郑州投建其第六个物流中心。&quot;目前，当当网在北京、上海、广州、成都、武汉、郑州设有总面积达12万平方米的六大配送中心，商品可以送达全国任何地方。当当网今年在物流及仓储方面还将继续投入建设，不过具体情况目前不便透露。&quot;李国庆介绍道。</p><p>　　如今的当当网建立的六大物流中心，可以送达全国任何地区，成为国内电子商务公司中库房面积最大、物流配送网络最广泛和最发达的公司，并建成了国内最大的&quot;货到付款快递服务体系&quot;，货到付款的城市超过800个。</p><p>　　&quot;为强化供应链物流管理，逐步建立分布式物流体系，当当网目前已经从传统零售巨头那里挖了很多高级人才，如原沃尔玛的中国物流总监高健、原华润万家的CEO王进等。过去由于没有部署分布式物流架构，当当网的百货商品全部从北京发货，而随着分布式物流架构的部署上线，这一瓶颈已经被打破。&quot;李国庆表示。</p><p>　　历经十年品牌、技术、平台、基础设施的积累，当当网目前的图书年销售额已达到20多亿元，在图书网上零售领域占据半壁江山，并占据整个中国图书市场10%-15%的份额，今年，当当网的目标是将图书零售做到40亿元，但鉴于图书网购市场已逼近增长的天花板，要做成大格局的零售帝国，显然必须要向边界更广袤的百货零售市场转移。而步入2010年，当当网显然吹响了自己进军百货业务的号角。从人才的引进，到网站首页的改版，这一切都意味着当当网将从全国最大图书商城转变成为全国最大的网络商城。</p><p>　　&quot;过去十年当当网在图书领域已经积累了足够的品牌势能，可以说，在图书网上零售领域，大型的战役已经基本完结，今天我们就是拿着望远镜也已经找不到对手。现在即便把图书挪到四层以上，也一点不会影响销量。所以我们决定把一至三层的货架腾出来，留给百货。&quot;李国庆表示，&quot;靠着规模成本、采购优势，以及自营加联营两条腿走路的战略，当当网在百货领域的规模增长一定能覆盖得住规模损耗，未来两三年内，当当网将在盈利的基础上至少达到每年100亿元销售额。&quot;李国庆预计，最迟在2012年，百货销售额的占比将上升到50%。</p><p>　　不只是百货。作为战略扩张的一部分，李国庆眼下着手进军的领域尚有很多，例如手机图书下载、手机购物、电子书阅读器、类似于百货联营商城模式的联营书店等。</p><p>当当网联动总裁李国庆</p><p>　　近日，当当网位于河南省郑州市的物流中心正式开始为读者服务。在不到一年的时间内，当当网先后启用了成都、武汉、郑州三个仓储中心，进而完成了当当网商品可以送达全国任何地方的诺言。1999年当当网创办之初，曾经历了9年的赔钱历程，从2009年开始当当网全面盈利并不断开拓自己的版图和经营范围。在创业过程中，当当网联动总裁李国庆总结出16个字的成功诀窍。</p><p>　　苦营9年迎来首次盈利</p><p>　　当当网是李国庆和他的夫人俞渝共同建立的。&quot;其实，我们创办当当网的想法非常简单，非常朴素。&quot;李国庆说，&quot;刚刚从美国留学归来的俞渝觉得在国内买东西特别别扭。因为国内的商场普遍都是按品牌分类，不管喜欢不喜欢都要把一个品牌全部看完。这让习惯了美国生活的俞渝很不习惯。于是，我们就决定从消费者的直观感受出发，做一个消费者愿意进行消费的网上商店。&quot;就这样，李国庆为了能让爱妻俞渝方便购物，开始了自己的网上购物创业路。</p><p>　　1999年，当当网正式成立。此后的一段时期内，当当网在&quot;圈内&quot;被认为是一家十分奇怪的公司--迟迟不盈利、又不愿意卖掉的夫妻店--俞渝负责行政、财务、外联，李国庆负责技术、市场、物流等，把传统的女主内、男主外转变成了女主外、男主内。</p><p>　　其实就在成立当年，李国庆就拉来了IDG、卢森堡剑桥、软银等共计800万美元的风险投资，而且是投资方逼着李国庆赶紧把钱&quot;花光&quot;。初次揽到投资的李国庆对投资方如此大度的语气显然没有缓过神。他回忆当时跟投资方的对话：</p><p>　　&quot;钱烧光怎么办?&quot;</p><p>　　&quot;再去拿两三千万美元。&quot;</p><p>　　&quot;钱都烧光了，又拿两三千万怎么估值呢?&quot;</p><p>　　&quot;没事，就让那两三千万占20%。&quot;</p><p>　　&quot;什么都没干就值那么多钱?&quot;</p><p>　　&quot;是，有&lsquo;概念\'就值钱。&quot;</p><p>　　&quot;有概念总要有流量啊。&quot;</p><p>　　&quot;有人点我们也是我们的价值，这样叫吸引眼球，注意经济。&quot;</p><p>　　无疑，这是一种新的思潮，新的商业模式，它对当时人们的理念和价值观都带来巨大的冲击，让年轻人热血澎湃。回忆起这段往事，李国庆依然清晰在目。</p><p>　　在投资人的逼迫&quot;烧钱&quot;之下，李国庆做了一个800万元的广告投放计划，原来准备就在网上投，结果投资人明确表示要投远离互联网的传统广告。于是他们在上海和北京投了三条公交线路的车身广告，再加上《南方周末》一个半版的广告，花掉了400万元，却发现连一个水花都没有溅起来，瞬间就被无声无息地淹没了。</p><p>　　诸如这般的创业挫折，在2000年初的李国庆看来，可能只是个&quot;赔钱&quot;的开始。性格刚毅豪爽的他从一开始，就做好了8年盈利的准备。但是，当当网却赔了9年钱。终于，9年的煎熬换来了2009年的盈利。2009年3月，李国庆自豪地宣布，当当网已经跨过了全面盈利的门槛，平均毛利率达到20%左右，净利率则为3%，接近传统零售业的盈利水平。尽管环顾业内，还没有一家B2C企业能做到这一点，但这距创业之初李国庆既定的盈利时间表，还是晚了两年之久。</p><p>　　&quot;从成立之初我们就采取了谨慎的持平增长策略，此前我们赔了9年，可始终是保持略亏损，只是亏了总销售额的12%，但是换来的是100%的增长。我始终认为，我不要200%增长，那会亏18%，300%的增长则要亏24%，等于把毛利率都亏掉。&quot;李国庆说，当当网手里始终留有&quot;过冬的钱&quot;，上次融资的钱至今还躺在账上。过去9年，当当网只亏掉了3000万美元，这笔钱连西单图书大厦的地基都买不起，但当当网今天的销售额是后者的十多倍。</p><p>　　高低价格策略换来高点击率</p><p>　　关于当当网为何能够先于卓越亚马逊等同业实现盈利，李国庆总结为四句话16个字：&quot;省吃俭用、市场效益、采购优势、运营效益。&quot;谨慎的策略，最终促使当当网成为十年前创生的那批网上书店中硕果仅存的B2C企业之一。&quot;低价是当当品牌的核心，而对于成本的最大化压缩保证了我们低价策略的顺利实施。&quot;</p><p>　　在最大可能的压缩成本方面，当当网可谓做到了极致。比如，当当网扩展库房后拆卸下来的旧货架，进行维修后仍会二次利用;当当网用塑料袋而非成本更高的纸箱包装商品;为节省物流配送成本，当当网在城际之间的集中配送环节大多选择自己配送。此外，当当网还通过&quot;战略采购合作&quot;来不断降低采购成本。</p><p>　　&quot;我们的库房使用了很多年，没有进行大规模的更新升级。只要够用，没有必要花冤枉钱。扩展库房后拆卸下来的旧货架，全部都进行维修后继续使用。精简下来的费用，都能为盈利做贡献。&quot;但是，当当网的省吃俭用也是有原则的，比如技术开发的经费投入，不仅没有减少，反而不断上升。&quot;技术部门的办公室装修得比我的办公室还要好。&quot;李国庆笑着说。</p><p>　　当当网市场效益提高的另一原因是顾客回头率与忠诚度的提升。其原因在于当当网采用的促销方式--High-Low Price策略，即高低价格策略。该价格策略被称为&quot;家乐福模式&quot;(平时的价格变化不大或打折不多，而促销时的价格较低)。事实证明，对图书价格极其敏感的读者很吃这一套。价格忽高忽低带来的是频繁的点击，点击率上升带来的是网站高流量，高流量自然带来高销售。而其他网店采用的&quot;沃尔玛模式&quot;(天天平价策略)，在吸引顾客方面，李国庆认为效果不如前者来得明显。</p><p>　　而物流成本和客服成本的节省也为当当网带来了运营效益。比如，当当网放弃县级与不发达市级的市场;用塑料袋包装商品而不是成本更高的纸箱子......&quot;当当网的材料费占运营成本的1%，我们的竞争对手要占到3%。&quot;言语中，李国庆对竞争对手的情况了如指掌。</p><p>　　转型以求更多发展</p><p>　　在李国庆眼中，当当网要实现规模化扩张，不仅要节流，更要开源。从几年前开始，当当网在保持图书业务的既有优势持续发展的同时，就向3C、数码、母婴、家居等百货领域一路延伸，商品种类如今已达百万种之多。而在近日，当当网投资建立的位于河南郑州的郑州物流基地也已开始了投送工作。在不足一年的时间，李国庆为了能扩大经营，建立了3家物流基地，在去年上半年启用四川成都西南物流中心后，又在11月建立了武汉的物流仓储中心。</p><p>　　时隔半年，当当网又在郑州投建其第六个物流中心。&quot;目前，当当网在北京、上海、广州、成都、武汉、郑州设有总面积达12万平方米的六大配送中心，商品可以送达全国任何地方。当当网今年在物流及仓储方面还将继续投入建设，不过具体情况目前不便透露。&quot;李国庆介绍道。</p><p>　　如今的当当网建立的六大物流中心，可以送达全国任何地区，成为国内电子商务公司中库房面积最大、物流配送网络最广泛和最发达的公司，并建成了国内最大的&quot;货到付款快递服务体系&quot;，货到付款的城市超过800个。</p><p>　　&quot;为强化供应链物流管理，逐步建立分布式物流体系，当当网目前已经从传统零售巨头那里挖了很多高级人才，如原沃尔玛的中国物流总监高健、原华润万家的CEO王进等。过去由于没有部署分布式物流架构，当当网的百货商品全部从北京发货，而随着分布式物流架构的部署上线，这一瓶颈已经被打破。&quot;李国庆表示。</p><p>　　历经十年品牌、技术、平台、基础设施的积累，当当网目前的图书年销售额已达到20多亿元，在图书网上零售领域占据半壁江山，并占据整个中国图书市场10%-15%的份额，今年，当当网的目标是将图书零售做到40亿元，但鉴于图书网购市场已逼近增长的天花板，要做成大格局的零售帝国，显然必须要向边界更广袤的百货零售市场转移。而步入2010年，当当网显然吹响了自己进军百货业务的号角。从人才的引进，到网站首页的改版，这一切都意味着当当网将从全国最大图书商城转变成为全国最大的网络商城。</p><p>　　&quot;过去十年当当网在图书领域已经积累了足够的品牌势能，可以说，在图书网上零售领域，大型的战役已经基本完结，今天我们就是拿着望远镜也已经找不到对手。现在即便把图书挪到四层以上，也一点不会影响销量。所以我们决定把一至三层的货架腾出来，留给百货。&quot;李国庆表示，&quot;靠着规模成本、采购优势，以及自营加联营两条腿走路的战略，当当网在百货领域的规模增长一定能覆盖得住规模损耗，未来两三年内，当当网将在盈利的基础上至少达到每年100亿元销售额。&quot;李国庆预计，最迟在2012年，百货销售额的占比将上升到50%。</p><p>　　不只是百货。作为战略扩张的一部分，李国庆眼下着手进军的领域尚有很多，例如手机图书下载、手机购物、电子书阅读器、类似于百货联营商城模式的联营书店等。</p><p>当当网联动总裁李国庆</p><p>　　近日，当当网位于河南省郑州市的物流中心正式开始为读者服务。在不到一年的时间内，当当网先后启用了成都、武汉、郑州三个仓储中心，进而完成了当当网商品可以送达全国任何地方的诺言。1999年当当网创办之初，曾经历了9年的赔钱历程，从2009年开始当当网全面盈利并不断开拓自己的版图和经营范围。在创业过程中，当当网联动总裁李国庆总结出16个字的成功诀窍。</p><p>　　苦营9年迎来首次盈利</p><p>　　当当网是李国庆和他的夫人俞渝共同建立的。&quot;其实，我们创办当当网的想法非常简单，非常朴素。&quot;李国庆说，&quot;刚刚从美国留学归来的俞渝觉得在国内买东西特别别扭。因为国内的商场普遍都是按品牌分类，不管喜欢不喜欢都要把一个品牌全部看完。这让习惯了美国生活的俞渝很不习惯。于是，我们就决定从消费者的直观感受出发，做一个消费者愿意进行消费的网上商店。&quot;就这样，李国庆为了能让爱妻俞渝方便购物，开始了自己的网上购物创业路。</p><p>　　1999年，当当网正式成立。此后的一段时期内，当当网在&quot;圈内&quot;被认为是一家十分奇怪的公司--迟迟不盈利、又不愿意卖掉的夫妻店--俞渝负责行政、财务、外联，李国庆负责技术、市场、物流等，把传统的女主内、男主外转变成了女主外、男主内。</p><p>　　其实就在成立当年，李国庆就拉来了IDG、卢森堡剑桥、软银等共计800万美元的风险投资，而且是投资方逼着李国庆赶紧把钱&quot;花光&quot;。初次揽到投资的李国庆对投资方如此大度的语气显然没有缓过神。他回忆当时跟投资方的对话：</p><p>　　&quot;钱烧光怎么办?&quot;</p><p>　　&quot;再去拿两三千万美元。&quot;</p><p>　　&quot;钱都烧光了，又拿两三千万怎么估值呢?&quot;</p><p>　　&quot;没事，就让那两三千万占20%。&quot;</p><p>　　&quot;什么都没干就值那么多钱?&quot;</p><p>　　&quot;是，有&lsquo;概念\'就值钱。&quot;</p><p>　　&quot;有概念总要有流量啊。&quot;</p><p>　　&quot;有人点我们也是我们的价值，这样叫吸引眼球，注意经济。&quot;</p><p>　　无疑，这是一种新的思潮，新的商业模式，它对当时人们的理念和价值观都带来巨大的冲击，让年轻人热血澎湃。回忆起这段往事，李国庆依然清晰在目。</p><p>　　在投资人的逼迫&quot;烧钱&quot;之下，李国庆做了一个800万元的广告投放计划，原来准备就在网上投，结果投资人明确表示要投远离互联网的传统广告。于是他们在上海和北京投了三条公交线路的车身广告，再加上《南方周末》一个半版的广告，花掉了400万元，却发现连一个水花都没有溅起来，瞬间就被无声无息地淹没了。</p><p>　　诸如这般的创业挫折，在2000年初的李国庆看来，可能只是个&quot;赔钱&quot;的开始。性格刚毅豪爽的他从一开始，就做好了8年盈利的准备。但是，当当网却赔了9年钱。终于，9年的煎熬换来了2009年的盈利。2009年3月，李国庆自豪地宣布，当当网已经跨过了全面盈利的门槛，平均毛利率达到20%左右，净利率则为3%，接近传统零售业的盈利水平。尽管环顾业内，还没有一家B2C企业能做到这一点，但这距创业之初李国庆既定的盈利时间表，还是晚了两年之久。</p><p>　　&quot;从成立之初我们就采取了谨慎的持平增长策略，此前我们赔了9年，可始终是保持略亏损，只是亏了总销售额的12%，但是换来的是100%的增长。我始终认为，我不要200%增长，那会亏18%，300%的增长则要亏24%，等于把毛利率都亏掉。&quot;李国庆说，当当网手里始终留有&quot;过冬的钱&quot;，上次融资的钱至今还躺在账上。过去9年，当当网只亏掉了3000万美元，这笔钱连西单图书大厦的地基都买不起，但当当网今天的销售额是后者的十多倍。</p><p>　　高低价格策略换来高点击率</p><p>　　关于当当网为何能够先于卓越亚马逊等同业实现盈利，李国庆总结为四句话16个字：&quot;省吃俭用、市场效益、采购优势、运营效益。&quot;谨慎的策略，最终促使当当网成为十年前创生的那批网上书店中硕果仅存的B2C企业之一。&quot;低价是当当品牌的核心，而对于成本的最大化压缩保证了我们低价策略的顺利实施。&quot;</p><p>　　在最大可能的压缩成本方面，当当网可谓做到了极致。比如，当当网扩展库房后拆卸下来的旧货架，进行维修后仍会二次利用;当当网用塑料袋而非成本更高的纸箱包装商品;为节省物流配送成本，当当网在城际之间的集中配送环节大多选择自己配送。此外，当当网还通过&quot;战略采购合作&quot;来不断降低采购成本。</p><p>　　&quot;我们的库房使用了很多年，没有进行大规模的更新升级。只要够用，没有必要花冤枉钱。扩展库房后拆卸下来的旧货架，全部都进行维修后继续使用。精简下来的费用，都能为盈利做贡献。&quot;但是，当当网的省吃俭用也是有原则的，比如技术开发的经费投入，不仅没有减少，反而不断上升。&quot;技术部门的办公室装修得比我的办公室还要好。&quot;李国庆笑着说。</p><p>　　当当网市场效益提高的另一原因是顾客回头率与忠诚度的提升。其原因在于当当网采用的促销方式--High-Low Price策略，即高低价格策略。该价格策略被称为&quot;家乐福模式&quot;(平时的价格变化不大或打折不多，而促销时的价格较低)。事实证明，对图书价格极其敏感的读者很吃这一套。价格忽高忽低带来的是频繁的点击，点击率上升带来的是网站高流量，高流量自然带来高销售。而其他网店采用的&quot;沃尔玛模式&quot;(天天平价策略)，在吸引顾客方面，李国庆认为效果不如前者来得明显。</p><p>　　而物流成本和客服成本的节省也为当当网带来了运营效益。比如，当当网放弃县级与不发达市级的市场;用塑料袋包装商品而不是成本更高的纸箱子......&quot;当当网的材料费占运营成本的1%，我们的竞争对手要占到3%。&quot;言语中，李国庆对竞争对手的情况了如指掌。</p><p>　　转型以求更多发展</p><p>　　在李国庆眼中，当当网要实现规模化扩张，不仅要节流，更要开源。从几年前开始，当当网在保持图书业务的既有优势持续发展的同时，就向3C、数码、母婴、家居等百货领域一路延伸，商品种类如今已达百万种之多。而在近日，当当网投资建立的位于河南郑州的郑州物流基地也已开始了投送工作。在不足一年的时间，李国庆为了能扩大经营，建立了3家物流基地，在去年上半年启用四川成都西南物流中心后，又在11月建立了武汉的物流仓储中心。</p><p>　　时隔半年，当当网又在郑州投建其第六个物流中心。&quot;目前，当当网在北京、上海、广州、成都、武汉、郑州设有总面积达12万平方米的六大配送中心，商品可以送达全国任何地方。当当网今年在物流及仓储方面还将继续投入建设，不过具体情况目前不便透露。&quot;李国庆介绍道。</p><p>　　如今的当当网建立的六大物流中心，可以送达全国任何地区，成为国内电子商务公司中库房面积最大、物流配送网络最广泛和最发达的公司，并建成了国内最大的&quot;货到付款快递服务体系&quot;，货到付款的城市超过800个。</p><p>　　&quot;为强化供应链物流管理，逐步建立分布式物流体系，当当网目前已经从传统零售巨头那里挖了很多高级人才，如原沃尔玛的中国物流总监高健、原华润万家的CEO王进等。过去由于没有部署分布式物流架构，当当网的百货商品全部从北京发货，而随着分布式物流架构的部署上线，这一瓶颈已经被打破。&quot;李国庆表示。</p><p>　　历经十年品牌、技术、平台、基础设施的积累，当当网目前的图书年销售额已达到20多亿元，在图书网上零售领域占据半壁江山，并占据整个中国图书市场10%-15%的份额，今年，当当网的目标是将图书零售做到40亿元，但鉴于图书网购市场已逼近增长的天花板，要做成大格局的零售帝国，显然必须要向边界更广袤的百货零售市场转移。而步入2010年，当当网显然吹响了自己进军百货业务的号角。从人才的引进，到网站首页的改版，这一切都意味着当当网将从全国最大图书商城转变成为全国最大的网络商城。</p><p>　　&quot;过去十年当当网在图书领域已经积累了足够的品牌势能，可以说，在图书网上零售领域，大型的战役已经基本完结，今天我们就是拿着望远镜也已经找不到对手。现在即便把图书挪到四层以上，也一点不会影响销量。所以我们决定把一至三层的货架腾出来，留给百货。&quot;李国庆表示，&quot;靠着规模成本、采购优势，以及自营加联营两条腿走路的战略，当当网在百货领域的规模增长一定能覆盖得住规模损耗，未来两三年内，当当网将在盈利的基础上至少达到每年100亿元销售额。&quot;李国庆预计，最迟在2012年，百货销售额的占比将上升到50%。</p><p>　　不只是百货。作为战略扩张的一部分，李国庆眼下着手进军的领域尚有很多，例如手机图书下载、手机购物、电子书阅读器、类似于百货联营商城模式的联营书店等。</p><p>当当网联动总裁李国庆</p><p>　　近日，当当网位于河南省郑州市的物流中心正式开始为读者服务。在不到一年的时间内，当当网先后启用了成都、武汉、郑州三个仓储中心，进而完成了当当网商品可以送达全国任何地方的诺言。1999年当当网创办之初，曾经历了9年的赔钱历程，从2009年开始当当网全面盈利并不断开拓自己的版图和经营范围。在创业过程中，当当网联动总裁李国庆总结出16个字的成功诀窍。</p><p>　　苦营9年迎来首次盈利</p><p>　　当当网是李国庆和他的夫人俞渝共同建立的。&quot;其实，我们创办当当网的想法非常简单，非常朴素。&quot;李国庆说，&quot;刚刚从美国留学归来的俞渝觉得在国内买东西特别别扭。因为国内的商场普遍都是按品牌分类，不管喜欢不喜欢都要把一个品牌全部看完。这让习惯了美国生活的俞渝很不习惯。于是，我们就决定从消费者的直观感受出发，做一个消费者愿意进行消费的网上商店。&quot;就这样，李国庆为了能让爱妻俞渝方便购物，开始了自己的网上购物创业路。</p><p>　　1999年，当当网正式成立。此后的一段时期内，当当网在&quot;圈内&quot;被认为是一家十分奇怪的公司--迟迟不盈利、又不愿意卖掉的夫妻店--俞渝负责行政、财务、外联，李国庆负责技术、市场、物流等，把传统的女主内、男主外转变成了女主外、男主内。</p><p>　　其实就在成立当年，李国庆就拉来了IDG、卢森堡剑桥、软银等共计800万美元的风险投资，而且是投资方逼着李国庆赶紧把钱&quot;花光&quot;。初次揽到投资的李国庆对投资方如此大度的语气显然没有缓过神。他回忆当时跟投资方的对话：</p><p>　　&quot;钱烧光怎么办?&quot;</p><p>　　&quot;再去拿两三千万美元。&quot;</p><p>　　&quot;钱都烧光了，又拿两三千万怎么估值呢?&quot;</p><p>　　&quot;没事，就让那两三千万占20%。&quot;</p><p>　　&quot;什么都没干就值那么多钱?&quot;</p><p>　　&quot;是，有&lsquo;概念\'就值钱。&quot;</p><p>　　&quot;有概念总要有流量啊。&quot;</p><p>　　&quot;有人点我们也是我们的价值，这样叫吸引眼球，注意经济。&quot;</p><p>　　无疑，这是一种新的思潮，新的商业模式，它对当时人们的理念和价值观都带来巨大的冲击，让年轻人热血澎湃。回忆起这段往事，李国庆依然清晰在目。</p><p>　　在投资人的逼迫&quot;烧钱&quot;之下，李国庆做了一个800万元的广告投放计划，原来准备就在网上投，结果投资人明确表示要投远离互联网的传统广告。于是他们在上海和北京投了三条公交线路的车身广告，再加上《南方周末》一个半版的广告，花掉了400万元，却发现连一个水花都没有溅起来，瞬间就被无声无息地淹没了。</p><p>　　诸如这般的创业挫折，在2000年初的李国庆看来，可能只是个&quot;赔钱&quot;的开始。性格刚毅豪爽的他从一开始，就做好了8年盈利的准备。但是，当当网却赔了9年钱。终于，9年的煎熬换来了2009年的盈利。2009年3月，李国庆自豪地宣布，当当网已经跨过了全面盈利的门槛，平均毛利率达到20%左右，净利率则为3%，接近传统零售业的盈利水平。尽管环顾业内，还没有一家B2C企业能做到这一点，但这距创业之初李国庆既定的盈利时间表，还是晚了两年之久。</p><p>　　&quot;从成立之初我们就采取了谨慎的持平增长策略，此前我们赔了9年，可始终是保持略亏损，只是亏了总销售额的12%，但是换来的是100%的增长。我始终认为，我不要200%增长，那会亏18%，300%的增长则要亏24%，等于把毛利率都亏掉。&quot;李国庆说，当当网手里始终留有&quot;过冬的钱&quot;，上次融资的钱至今还躺在账上。过去9年，当当网只亏掉了3000万美元，这笔钱连西单图书大厦的地基都买不起，但当当网今天的销售额是后者的十多倍。</p><p>　　高低价格策略换来高点击率</p><p>　　关于当当网为何能够先于卓越亚马逊等同业实现盈利，李国庆总结为四句话16个字：&quot;省吃俭用、市场效益、采购优势、运营效益。&quot;谨慎的策略，最终促使当当网成为十年前创生的那批网上书店中硕果仅存的B2C企业之一。&quot;低价是当当品牌的核心，而对于成本的最大化压缩保证了我们低价策略的顺利实施。&quot;</p><p>　　在最大可能的压缩成本方面，当当网可谓做到了极致。比如，当当网扩展库房后拆卸下来的旧货架，进行维修后仍会二次利用;当当网用塑料袋而非成本更高的纸箱包装商品;为节省物流配送成本，当当网在城际之间的集中配送环节大多选择自己配送。此外，当当网还通过&quot;战略采购合作&quot;来不断降低采购成本。</p><p>　　&quot;我们的库房使用了很多年，没有进行大规模的更新升级。只要够用，没有必要花冤枉钱。扩展库房后拆卸下来的旧货架，全部都进行维修后继续使用。精简下来的费用，都能为盈利做贡献。&quot;但是，当当网的省吃俭用也是有原则的，比如技术开发的经费投入，不仅没有减少，反而不断上升。&quot;技术部门的办公室装修得比我的办公室还要好。&quot;李国庆笑着说。</p><p>　　当当网市场效益提高的另一原因是顾客回头率与忠诚度的提升。其原因在于当当网采用的促销方式--High-Low Price策略，即高低价格策略。该价格策略被称为&quot;家乐福模式&quot;(平时的价格变化不大或打折不多，而促销时的价格较低)。事实证明，对图书价格极其敏感的读者很吃这一套。价格忽高忽低带来的是频繁的点击，点击率上升带来的是网站高流量，高流量自然带来高销售。而其他网店采用的&quot;沃尔玛模式&quot;(天天平价策略)，在吸引顾客方面，李国庆认为效果不如前者来得明显。</p><p>　　而物流成本和客服成本的节省也为当当网带来了运营效益。比如，当当网放弃县级与不发达市级的市场;用塑料袋包装商品而不是成本更高的纸箱子......&quot;当当网的材料费占运营成本的1%，我们的竞争对手要占到3%。&quot;言语中，李国庆对竞争对手的情况了如指掌。</p><p>　　转型以求更多发展</p><p>　　在李国庆眼中，当当网要实现规模化扩张，不仅要节流，更要开源。从几年前开始，当当网在保持图书业务的既有优势持续发展的同时，就向3C、数码、母婴、家居等百货领域一路延伸，商品种类如今已达百万种之多。而在近日，当当网投资建立的位于河南郑州的郑州物流基地也已开始了投送工作。在不足一年的时间，李国庆为了能扩大经营，建立了3家物流基地，在去年上半年启用四川成都西南物流中心后，又在11月建立了武汉的物流仓储中心。</p><p>　　时隔半年，当当网又在郑州投建其第六个物流中心。&quot;目前，当当网在北京、上海、广州、成都、武汉、郑州设有总面积达12万平方米的六大配送中心，商品可以送达全国任何地方。当当网今年在物流及仓储方面还将继续投入建设，不过具体情况目前不便透露。&quot;李国庆介绍道。</p><p>　　如今的当当网建立的六大物流中心，可以送达全国任何地区，成为国内电子商务公司中库房面积最大、物流配送网络最广泛和最发达的公司，并建成了国内最大的&quot;货到付款快递服务体系&quot;，货到付款的城市超过800个。</p><p>　　&quot;为强化供应链物流管理，逐步建立分布式物流体系，当当网目前已经从传统零售巨头那里挖了很多高级人才，如原沃尔玛的中国物流总监高健、原华润万家的CEO王进等。过去由于没有部署分布式物流架构，当当网的百货商品全部从北京发货，而随着分布式物流架构的部署上线，这一瓶颈已经被打破。&quot;李国庆表示。</p><p>　　历经十年品牌、技术、平台、基础设施的积累，当当网目前的图书年销售额已达到20多亿元，在图书网上零售领域占据半壁江山，并占据整个中国图书市场10%-15%的份额，今年，当当网的目标是将图书零售做到40亿元，但鉴于图书网购市场已逼近增长的天花板，要做成大格局的零售帝国，显然必须要向边界更广袤的百货零售市场转移。而步入2010年，当当网显然吹响了自己进军百货业务的号角。从人才的引进，到网站首页的改版，这一切都意味着当当网将从全国最大图书商城转变成为全国最大的网络商城。</p><p>　　&quot;过去十年当当网在图书领域已经积累了足够的品牌势能，可以说，在图书网上零售领域，大型的战役已经基本完结，今天我们就是拿着望远镜也已经找不到对手。现在即便把图书挪到四层以上，也一点不会影响销量。所以我们决定把一至三层的货架腾出来，留给百货。&quot;李国庆表示，&quot;靠着规模成本、采购优势，以及自营加联营两条腿走路的战略，当当网在百货领域的规模增长一定能覆盖得住规模损耗，未来两三年内，当当网将在盈利的基础上至少达到每年100亿元销售额。&quot;李国庆预计，最迟在2012年，百货销售额的占比将上升到50%。</p><p>　　不只是百货。作为战略扩张的一部分，李国庆眼下着手进军的领域尚有很多，例如手机图书下载、手机购物、电子书阅读器、类似于百货联营商城模式的联营书店等。</p><p>666666666</p><p>当当网联动总裁李国庆</p><p>　　近日，当当网位于河南省郑州市的物流中心正式开始为读者服务。在不到一年的时间内，当当网先后启用了成都、武汉、郑州三个仓储中心，进而完成了当当网商品可以送达全国任何地方的诺言。1999年当当网创办之初，曾经历了9年的赔钱历程，从2009年开始当当网全面盈利并不断开拓自己的版图和经营范围。在创业过程中，当当网联动总裁李国庆总结出16个字的成功诀窍。</p><p>　　苦营9年迎来首次盈利</p><p>　　当当网是李国庆和他的夫人俞渝共同建立的。&quot;其实，我们创办当当网的想法非常简单，非常朴素。&quot;李国庆说，&quot;刚刚从美国留学归来的俞渝觉得在国内买东西特别别扭。因为国内的商场普遍都是按品牌分类，不管喜欢不喜欢都要把一个品牌全部看完。这让习惯了美国生活的俞渝很不习惯。于是，我们就决定从消费者的直观感受出发，做一个消费者愿意进行消费的网上商店。&quot;就这样，李国庆为了能让爱妻俞渝方便购物，开始了自己的网上购物创业路。</p><p>　　1999年，当当网正式成立。此后的一段时期内，当当网在&quot;圈内&quot;被认为是一家十分奇怪的公司--迟迟不盈利、又不愿意卖掉的夫妻店--俞渝负责行政、财务、外联，李国庆负责技术、市场、物流等，把传统的女主内、男主外转变成了女主外、男主内。</p><p>　　其实就在成立当年，李国庆就拉来了IDG、卢森堡剑桥、软银等共计800万美元的风险投资，而且是投资方逼着李国庆赶紧把钱&quot;花光&quot;。初次揽到投资的李国庆对投资方如此大度的语气显然没有缓过神。他回忆当时跟投资方的对话：</p><p>　　&quot;钱烧光怎么办?&quot;</p><p>　　&quot;再去拿两三千万美元。&quot;</p><p>　　&quot;钱都烧光了，又拿两三千万怎么估值呢?&quot;</p><p>　　&quot;没事，就让那两三千万占20%。&quot;</p><p>　　&quot;什么都没干就值那么多钱?&quot;</p><p>　　&quot;是，有&lsquo;概念\'就值钱。&quot;</p><p>　　&quot;有概念总要有流量啊。&quot;</p><p>　　&quot;有人点我们也是我们的价值，这样叫吸引眼球，注意经济。&quot;</p><p>　　无疑，这是一种新的思潮，新的商业模式，它对当时人们的理念和价值观都带来巨大的冲击，让年轻人热血澎湃。回忆起这段往事，李国庆依然清晰在目。</p><p>　　在投资人的逼迫&quot;烧钱&quot;之下，李国庆做了一个800万元的广告投放计划，原来准备就在网上投，结果投资人明确表示要投远离互联网的传统广告。于是他们在上海和北京投了三条公交线路的车身广告，再加上《南方周末》一个半版的广告，花掉了400万元，却发现连一个水花都没有溅起来，瞬间就被无声无息地淹没了。</p><p>　　诸如这般的创业挫折，在2000年初的李国庆看来，可能只是个&quot;赔钱&quot;的开始。性格刚毅豪爽的他从一开始，就做好了8年盈利的准备。但是，当当网却赔了9年钱。终于，9年的煎熬换来了2009年的盈利。2009年3月，李国庆自豪地宣布，当当网已经跨过了全面盈利的门槛，平均毛利率达到20%左右，净利率则为3%，接近传统零售业的盈利水平。尽管环顾业内，还没有一家B2C企业能做到这一点，但这距创业之初李国庆既定的盈利时间表，还是晚了两年之久。</p><p>　　&quot;从成立之初我们就采取了谨慎的持平增长策略，此前我们赔了9年，可始终是保持略亏损，只是亏了总销售额的12%，但是换来的是100%的增长。我始终认为，我不要200%增长，那会亏18%，300%的增长则要亏24%，等于把毛利率都亏掉。&quot;李国庆说，当当网手里始终留有&quot;过冬的钱&quot;，上次融资的钱至今还躺在账上。过去9年，当当网只亏掉了3000万美元，这笔钱连西单图书大厦的地基都买不起，但当当网今天的销售额是后者的十多倍。</p><p>　　高低价格策略换来高点击率</p><p>　　关于当当网为何能够先于卓越亚马逊等同业实现盈利，李国庆总结为四句话16个字：&quot;省吃俭用、市场效益、采购优势、运营效益。&quot;谨慎的策略，最终促使当当网成为十年前创生的那批网上书店中硕果仅存的B2C企业之一。&quot;低价是当当品牌的核心，而对于成本的最大化压缩保证了我们低价策略的顺利实施。&quot;</p><p>　　在最大可能的压缩成本方面，当当网可谓做到了极致。比如，当当网扩展库房后拆卸下来的旧货架，进行维修后仍会二次利用;当当网用塑料袋而非成本更高的纸箱包装商品;为节省物流配送成本，当当网在城际之间的集中配送环节大多选择自己配送。此外，当当网还通过&quot;战略采购合作&quot;来不断降低采购成本。</p><p>　　&quot;我们的库房使用了很多年，没有进行大规模的更新升级。只要够用，没有必要花冤枉钱。扩展库房后拆卸下来的旧货架，全部都进行维修后继续使用。精简下来的费用，都能为盈利做贡献。&quot;但是，当当网的省吃俭用也是有原则的，比如技术开发的经费投入，不仅没有减少，反而不断上升。&quot;技术部门的办公室装修得比我的办公室还要好。&quot;李国庆笑着说。</p><p>　　当当网市场效益提高的另一原因是顾客回头率与忠诚度的提升。其原因在于当当网采用的促销方式--High-Low Price策略，即高低价格策略。该价格策略被称为&quot;家乐福模式&quot;(平时的价格变化不大或打折不多，而促销时的价格较低)。事实证明，对图书价格极其敏感的读者很吃这一套。价格忽高忽低带来的是频繁的点击，点击率上升带来的是网站高流量，高流量自然带来高销售。而其他网店采用的&quot;沃尔玛模式&quot;(天天平价策略)，在吸引顾客方面，李国庆认为效果不如前者来得明显。</p><p>　　而物流成本和客服成本的节省也为当当网带来了运营效益。比如，当当网放弃县级与不发达市级的市场;用塑料袋包装商品而不是成本更高的纸箱子......&quot;当当网的材料费占运营成本的1%，我们的竞争对手要占到3%。&quot;言语中，李国庆对竞争对手的情况了如指掌。</p><p>　　转型以求更多发展</p><p>　　在李国庆眼中，当当网要实现规模化扩张，不仅要节流，更要开源。从几年前开始，当当网在保持图书业务的既有优势持续发展的同时，就向3C、数码、母婴、家居等百货领域一路延伸，商品种类如今已达百万种之多。而在近日，当当网投资建立的位于河南郑州的郑州物流基地也已开始了投送工作。在不足一年的时间，李国庆为了能扩大经营，建立了3家物流基地，在去年上半年启用四川成都西南物流中心后，又在11月建立了武汉的物流仓储中心。</p><p>　　时隔半年，当当网又在郑州投建其第六个物流中心。&quot;目前，当当网在北京、上海、广州、成都、武汉、郑州设有总面积达12万平方米的六大配送中心，商品可以送达全国任何地方。当当网今年在物流及仓储方面还将继续投入建设，不过具体情况目前不便透露。&quot;李国庆介绍道。</p><p>　　如今的当当网建立的六大物流中心，可以送达全国任何地区，成为国内电子商务公司中库房面积最大、物流配送网络最广泛和最发达的公司，并建成了国内最大的&quot;货到付款快递服务体系&quot;，货到付款的城市超过800个。</p><p>　　&quot;为强化供应链物流管理，逐步建立分布式物流体系，当当网目前已经从传统零售巨头那里挖了很多高级人才，如原沃尔玛的中国物流总监高健、原华润万家的CEO王进等。过去由于没有部署分布式物流架构，当当网的百货商品全部从北京发货，而随着分布式物流架构的部署上线，这一瓶颈已经被打破。&quot;李国庆表示。</p><p>　　历经十年品牌、技术、平台、基础设施的积累，当当网目前的图书年销售额已达到20多亿元，在图书网上零售领域占据半壁江山，并占据整个中国图书市场10%-15%的份额，今年，当当网的目标是将图书零售做到40亿元，但鉴于图书网购市场已逼近增长的天花板，要做成大格局的零售帝国，显然必须要向边界更广袤的百货零售市场转移。而步入2010年，当当网显然吹响了自己进军百货业务的号角。从人才的引进，到网站首页的改版，这一切都意味着当当网将从全国最大图书商城转变成为全国最大的网络商城。</p><p>　　&quot;过去十年当当网在图书领域已经积累了足够的品牌势能，可以说，在图书网上零售领域，大型的战役已经基本完结，今天我们就是拿着望远镜也已经找不到对手。现在即便把图书挪到四层以上，也一点不会影响销量。所以我们决定把一至三层的货架腾出来，留给百货。&quot;李国庆表示，&quot;靠着规模成本、采购优势，以及自营加联营两条腿走路的战略，当当网在百货领域的规模增长一定能覆盖得住规模损耗，未来两三年内，当当网将在盈利的基础上至少达到每年100亿元销售额。&quot;李国庆预计，最迟在2012年，百货销售额的占比将上升到50%。</p><p>　　不只是百货。作为战略扩张的一部分，李国庆眼下着手进军的领域尚有很多，例如手机图书下载、手机购物、电子书阅读器、类似于百货联营商城模式的联营书店等。</p>','回复:测试超多行内容的情况'),(148,'怎么没个限制长度？','测试超多行内容的情况'),(149,'如题','订阅版面是不是用邮件通知的 那邮件要能编辑的'),(150,'如题','速读的两个成功案例 都要改掉'),(151,'如题','主站字体太小了点'),(152,'如题','首页广告词加： 用速读积累知识，用知识改变命运！'),(153,'正常情况还可以的，如果有些文章字体太小，就直接在后台编辑，去掉字体的设置','主站字体太小了点'),(154,'如题','相关文章内容再丰富点 每类至少3文以上'),(155,'如题','有新的消息时 文字要闪烁');
/*!40000 ALTER TABLE `jforum_posts_text` ENABLE KEYS */;
UNLOCK TABLES;

--
-- Table structure for table `jforum_privmsgs`
--

DROP TABLE IF EXISTS `jforum_privmsgs`;
CREATE TABLE `jforum_privmsgs` (
  `privmsgs_id` int(11) NOT NULL auto_increment,
  `privmsgs_type` tinyint(4) NOT NULL default '0',
  `privmsgs_subject` varchar(255) NOT NULL default '',
  `privmsgs_from_userid` int(11) NOT NULL default '0',
  `privmsgs_to_userid` int(11) NOT NULL default '0',
  `privmsgs_date` datetime default NULL,
  `privmsgs_ip` varchar(15) NOT NULL default '',
  `privmsgs_enable_bbcode` tinyint(1) NOT NULL default '1',
  `privmsgs_enable_html` tinyint(1) NOT NULL default '0',
  `privmsgs_enable_smilies` tinyint(1) NOT NULL default '1',
  `privmsgs_attach_sig` tinyint(1) NOT NULL default '1',
  PRIMARY KEY  (`privmsgs_id`)
) ENGINE=InnoDB DEFAULT CHARSET=utf8;

--
-- Dumping data for table `jforum_privmsgs`
--

LOCK TABLES `jforum_privmsgs` WRITE;
/*!40000 ALTER TABLE `jforum_privmsgs` DISABLE KEYS */;
INSERT INTO `jforum_privmsgs` VALUES (1,2,'短信发送测试',4,5,'2010-05-16 22:08:10','',1,1,1,1),(2,0,'短信发送测试',4,5,'2010-05-16 22:08:10','',1,1,1,1),(3,2,'回复:短信发送测试',5,4,'2010-05-16 22:09:47','',1,1,1,1),(5,2,'你是管理员吗',3,2,'2010-05-17 15:45:56','',1,1,1,1),(6,0,'你是管理员吗',3,2,'2010-05-17 15:45:56','',1,1,1,1),(7,2,'回复:你是管理员吗',2,3,'2010-05-17 15:48:13','',1,1,1,1),(8,0,'回复:你是管理员吗',2,3,'2010-05-17 15:48:13','',1,1,1,1);
/*!40000 ALTER TABLE `jforum_privmsgs` ENABLE KEYS */;
UNLOCK TABLES;

--
-- Table structure for table `jforum_privmsgs_text`
--

DROP TABLE IF EXISTS `jforum_privmsgs_text`;
CREATE TABLE `jforum_privmsgs_text` (
  `privmsgs_id` int(11) NOT NULL,
  `privmsgs_text` text,
  PRIMARY KEY  (`privmsgs_id`)
) ENGINE=InnoDB DEFAULT CHARSET=utf8;

--
-- Dumping data for table `jforum_privmsgs_text`
--

LOCK TABLES `jforum_privmsgs_text` WRITE;
/*!40000 ALTER TABLE `jforum_privmsgs_text` DISABLE KEYS */;
INSERT INTO `jforum_privmsgs_text` VALUES (1,'test'),(2,'test'),(3,'<p>测试成功！恭喜</p>'),(5,'我有很多问题'),(6,'我有很多问题'),(7,'我是管理员，你小子想干什么？'),(8,'我是管理员，你小子想干什么？');
/*!40000 ALTER TABLE `jforum_privmsgs_text` ENABLE KEYS */;
UNLOCK TABLES;

--
-- Table structure for table `jforum_quota_limit`
--

DROP TABLE IF EXISTS `jforum_quota_limit`;
CREATE TABLE `jforum_quota_limit` (
  `quota_limit_id` int(11) NOT NULL auto_increment,
  `quota_desc` varchar(50) NOT NULL,
  `quota_limit` int(11) NOT NULL,
  `quota_type` tinyint(1) default '1',
  PRIMARY KEY  (`quota_limit_id`)
) ENGINE=InnoDB DEFAULT CHARSET=utf8;

--
-- Dumping data for table `jforum_quota_limit`
--

LOCK TABLES `jforum_quota_limit` WRITE;
/*!40000 ALTER TABLE `jforum_quota_limit` DISABLE KEYS */;
/*!40000 ALTER TABLE `jforum_quota_limit` ENABLE KEYS */;
UNLOCK TABLES;

--
-- Table structure for table `jforum_ranks`
--

DROP TABLE IF EXISTS `jforum_ranks`;
CREATE TABLE `jforum_ranks` (
  `rank_id` int(11) NOT NULL auto_increment,
  `rank_title` varchar(50) NOT NULL default '',
  `rank_min` int(11) NOT NULL default '0',
  `rank_special` tinyint(1) default NULL,
  `rank_image` varchar(255) default NULL,
  PRIMARY KEY  (`rank_id`)
) ENGINE=InnoDB DEFAULT CHARSET=utf8;

--
-- Dumping data for table `jforum_ranks`
--

LOCK TABLES `jforum_ranks` WRITE;
/*!40000 ALTER TABLE `jforum_ranks` DISABLE KEYS */;
INSERT INTO `jforum_ranks` VALUES (1,'新兵',0,0,NULL),(2,'列兵',5,0,NULL),(3,'上等兵',10,0,NULL),(4,'下士',30,0,NULL),(5,'中士',60,0,NULL),(6,'上士',100,0,NULL),(7,'军士',150,0,NULL),(8,'少尉',200,0,NULL),(9,'中尉',300,0,NULL),(10,'上尉',400,0,NULL),(11,'准校',500,0,NULL),(12,'少校',600,0,NULL),(13,'中校',700,0,NULL),(14,'上校',800,0,NULL),(15,'大校',900,0,NULL),(16,'准将',1000,0,NULL),(17,'少将',2000,0,NULL),(18,'中将',3000,0,NULL),(19,'上将',4000,0,NULL),(20,'五星上将',5000,0,NULL);
/*!40000 ALTER TABLE `jforum_ranks` ENABLE KEYS */;
UNLOCK TABLES;

--
-- Table structure for table `jforum_role_values`
--

DROP TABLE IF EXISTS `jforum_role_values`;
CREATE TABLE `jforum_role_values` (
  `role_id` int(11) NOT NULL,
  `role_value` varchar(255) default NULL,
  KEY `idx_role` (`role_id`)
) ENGINE=InnoDB DEFAULT CHARSET=utf8;

--
-- Dumping data for table `jforum_role_values`
--

LOCK TABLES `jforum_role_values` WRITE;
/*!40000 ALTER TABLE `jforum_role_values` DISABLE KEYS */;
INSERT INTO `jforum_role_values` VALUES (81,'1'),(85,'4'),(85,'5'),(85,'7'),(85,'2'),(85,'1'),(85,'8'),(85,'6'),(85,'3'),(87,'4'),(87,'5'),(87,'7'),(87,'2'),(87,'1'),(87,'8'),(87,'6'),(87,'3'),(88,'4'),(88,'5'),(88,'7'),(88,'2'),(88,'1'),(88,'8'),(88,'6'),(88,'3'),(92,'4'),(92,'5'),(92,'7'),(92,'2'),(92,'1'),(92,'8'),(92,'6'),(92,'3'),(94,'1'),(95,'4'),(95,'5'),(95,'7'),(95,'2'),(95,'1'),(95,'8'),(95,'6'),(95,'3'),(96,'1'),(96,'2'),(96,'3'),(97,'1'),(106,'4'),(106,'5'),(106,'7'),(106,'2'),(106,'1'),(106,'8'),(106,'6'),(106,'3'),(107,'1'),(108,'4'),(108,'5'),(108,'7'),(108,'2'),(108,'1'),(108,'8'),(108,'6'),(108,'3'),(110,'4'),(110,'5'),(110,'7'),(110,'2'),(110,'1'),(110,'8'),(110,'6'),(110,'3'),(115,'4'),(115,'5'),(115,'7'),(115,'2'),(115,'1'),(115,'8'),(115,'6'),(115,'3'),(118,'1'),(119,'4'),(119,'5'),(119,'7'),(119,'2'),(119,'1'),(119,'8'),(119,'6'),(119,'3'),(120,'1'),(120,'2'),(120,'3');
/*!40000 ALTER TABLE `jforum_role_values` ENABLE KEYS */;
UNLOCK TABLES;

--
-- Table structure for table `jforum_roles`
--

DROP TABLE IF EXISTS `jforum_roles`;
CREATE TABLE `jforum_roles` (
  `role_id` int(11) NOT NULL auto_increment,
  `group_id` int(11) default '0',
  `name` varchar(255) NOT NULL,
  PRIMARY KEY  (`role_id`),
  KEY `idx_group` (`group_id`),
  KEY `idx_name` (`name`)
) ENGINE=InnoDB DEFAULT CHARSET=utf8;

--
-- Dumping data for table `jforum_roles`
--

LOCK TABLES `jforum_roles` WRITE;
/*!40000 ALTER TABLE `jforum_roles` DISABLE KEYS */;
INSERT INTO `jforum_roles` VALUES (81,1,'perm_attachments_enabled'),(82,1,'perm_create_poll'),(83,1,'perm_create_sticky_announcement_topics'),(84,1,'perm_bookmarks_enabled'),(85,1,'perm_anonymous_post'),(86,1,'perm_moderation_forums'),(87,1,'perm_forum'),(88,1,'perm_html_disabled'),(89,1,'perm_vote'),(90,1,'perm_attachments_download'),(91,1,'perm_karma_enabled'),(92,1,'perm_reply_only'),(93,1,'perm_moderation_log'),(94,1,'perm_reply_without_moderation'),(95,1,'perm_read_only_forums'),(96,1,'perm_category'),(97,2,'perm_attachments_enabled'),(98,2,'perm_create_poll'),(99,2,'perm_moderation_post_edit'),(100,2,'perm_create_sticky_announcement_topics'),(101,2,'perm_full_moderation_log'),(102,2,'perm_moderation'),(103,2,'perm_moderation_topic_lockUnlock'),(104,2,'perm_bookmarks_enabled'),(105,2,'perm_administration'),(106,2,'perm_anonymous_post'),(107,2,'perm_moderation_forums'),(108,2,'perm_forum'),(109,2,'perm_moderation_post_remove'),(110,2,'perm_html_disabled'),(111,2,'perm_vote'),(112,2,'perm_attachments_download'),(113,2,'perm_karma_enabled'),(114,2,'perm_moderation_approve_messages'),(115,2,'perm_reply_only'),(116,2,'perm_moderation_log'),(117,2,'perm_moderation_topic_move'),(118,2,'perm_reply_without_moderation'),(119,2,'perm_read_only_forums'),(120,2,'perm_category');
/*!40000 ALTER TABLE `jforum_roles` ENABLE KEYS */;
UNLOCK TABLES;

--
-- Table structure for table `jforum_sessions`
--

DROP TABLE IF EXISTS `jforum_sessions`;
CREATE TABLE `jforum_sessions` (
  `session_id` varchar(150) NOT NULL default '',
  `session_user_id` int(11) NOT NULL default '0',
  `session_start` datetime default NULL,
  `session_time` bigint(20) default '0',
  `session_ip` varchar(15) NOT NULL default '',
  `session_page` int(11) NOT NULL default '0',
  `session_logged_int` tinyint(1) default NULL,
  KEY `idx_sessions_users` (`session_user_id`)
) ENGINE=InnoDB DEFAULT CHARSET=utf8;

--
-- Dumping data for table `jforum_sessions`
--

LOCK TABLES `jforum_sessions` WRITE;
/*!40000 ALTER TABLE `jforum_sessions` DISABLE KEYS */;
INSERT INTO `jforum_sessions` VALUES ('5CBD5F21D5C21900CA825F02E93DF9CC',3,'2010-05-18 16:01:55',0,'',0,NULL),('4A15144AF6EA9EB8AB95B3EA1D3F941D',4,'2010-05-16 22:10:17',0,'',0,NULL),('B636ED6BD5D685FE06641D0339D28DF6',2,'2010-05-17 16:04:45',0,'',0,NULL),('E77DF1657351DE2B4D9E45B01757A72A',6,'2010-05-17 11:05:40',0,'',0,NULL);
/*!40000 ALTER TABLE `jforum_sessions` ENABLE KEYS */;
UNLOCK TABLES;

--
-- Table structure for table `jforum_smilies`
--

DROP TABLE IF EXISTS `jforum_smilies`;
CREATE TABLE `jforum_smilies` (
  `smilie_id` int(11) NOT NULL auto_increment,
  `code` varchar(50) NOT NULL default '',
  `url` varchar(100) default NULL,
  `disk_name` varchar(255) default NULL,
  PRIMARY KEY  (`smilie_id`)
) ENGINE=InnoDB DEFAULT CHARSET=utf8;

--
-- Dumping data for table `jforum_smilies`
--

LOCK TABLES `jforum_smilies` WRITE;
/*!40000 ALTER TABLE `jforum_smilies` DISABLE KEYS */;
INSERT INTO `jforum_smilies` VALUES (1,':)','<img src=\"#CONTEXT#/images/smilies/3b63d1616c5dfcf29f8a7a031aaa7cad.gif\" />','3b63d1616c5dfcf29f8a7a031aaa7cad.gif'),(2,':-)','<img src=\"#CONTEXT#/images/smilies/3b63d1616c5dfcf29f8a7a031aaa7cad.gif\"/>','3b63d1616c5dfcf29f8a7a031aaa7cad.gif'),(3,':D','<img src=\"#CONTEXT#/images/smilies/283a16da79f3aa23fe1025c96295f04f.gif\" />','283a16da79f3aa23fe1025c96295f04f.gif'),(4,':-D','<img src=\"#CONTEXT#/images/smilies/283a16da79f3aa23fe1025c96295f04f.gif\" />','283a16da79f3aa23fe1025c96295f04f.gif'),(5,':(','<img src=\"#CONTEXT#/images/smilies/9d71f0541cff0a302a0309c5079e8dee.gif\" />','9d71f0541cff0a302a0309c5079e8dee.gif'),(6,':mrgreen:','<img src=\"#CONTEXT#/images/smilies/ed515dbff23a0ee3241dcc0a601c9ed6.gif\" />','ed515dbff23a0ee3241dcc0a601c9ed6.gif'),(7,':-o','<img src=\"#CONTEXT#/images/smilies/47941865eb7bbc2a777305b46cc059a2.gif\"  />','47941865eb7bbc2a777305b46cc059a2.gif'),(8,':shock:','<img src=\"#CONTEXT#/images/smilies/385970365b8ed7503b4294502a458efa.gif\" />','385970365b8ed7503b4294502a458efa.gif'),(9,':?:','<img src=\"#CONTEXT#/images/smilies/0a4d7238daa496a758252d0a2b1a1384.gif\" />','0a4d7238daa496a758252d0a2b1a1384.gif'),(10,'8)','<img src=\"#CONTEXT#/images/smilies/b2eb59423fbf5fa39342041237025880.gif\"  />','b2eb59423fbf5fa39342041237025880.gif'),(11,':lol:','<img src=\"#CONTEXT#/images/smilies/97ada74b88049a6d50a6ed40898a03d7.gif\" />','97ada74b88049a6d50a6ed40898a03d7.gif'),(12,':x','<img src=\"#CONTEXT#/images/smilies/1069449046bcd664c21db15b1dfedaee.gif\"  />','1069449046bcd664c21db15b1dfedaee.gif'),(13,':P','<img src=\"#CONTEXT#/images/smilies/69934afc394145350659cd7add244ca9.gif\" />','69934afc394145350659cd7add244ca9.gif'),(14,':-P','<img src=\"#CONTEXT#/images/smilies/69934afc394145350659cd7add244ca9.gif\" />','69934afc394145350659cd7add244ca9.gif'),(15,':oops:','<img src=\"#CONTEXT#/images/smilies/499fd50bc713bfcdf2ab5a23c00c2d62.gif\" />','499fd50bc713bfcdf2ab5a23c00c2d62.gif'),(16,':cry:','<img src=\"#CONTEXT#/images/smilies/c30b4198e0907b23b8246bdd52aa1c3c.gif\" />','c30b4198e0907b23b8246bdd52aa1c3c.gif'),(17,':evil:','<img src=\"#CONTEXT#/images/smilies/2e207fad049d4d292f60607f80f05768.gif\" />','2e207fad049d4d292f60607f80f05768.gif'),(18,':twisted:','<img src=\"#CONTEXT#/images/smilies/908627bbe5e9f6a080977db8c365caff.gif\" />','908627bbe5e9f6a080977db8c365caff.gif'),(19,':roll:','<img src=\"#CONTEXT#/images/smilies/2786c5c8e1a8be796fb2f726cca5a0fe.gif\" />','2786c5c8e1a8be796fb2f726cca5a0fe.gif'),(20,':wink:','<img src=\"#CONTEXT#/images/smilies/8a80c6485cd926be453217d59a84a888.gif\" />','8a80c6485cd926be453217d59a84a888.gif'),(21,';)','<img src=\"#CONTEXT#/images/smilies/8a80c6485cd926be453217d59a84a888.gif\" />','8a80c6485cd926be453217d59a84a888.gif'),(22,';-)','<img src=\"#CONTEXT#/images/smilies/8a80c6485cd926be453217d59a84a888.gif\" />','8a80c6485cd926be453217d59a84a888.gif'),(23,':!:','<img src=\"#CONTEXT#/images/smilies/9293feeb0183c67ea1ea8c52f0dbaf8c.gif\" />','9293feeb0183c67ea1ea8c52f0dbaf8c.gif'),(24,':?','<img src=\"#CONTEXT#/images/smilies/136dd33cba83140c7ce38db096d05aed.gif\" />','136dd33cba83140c7ce38db096d05aed.gif'),(25,':idea:','<img src=\"#CONTEXT#/images/smilies/8f7fb9dd46fb8ef86f81154a4feaada9.gif\" />','8f7fb9dd46fb8ef86f81154a4feaada9.gif'),(26,':arrow:','<img src=\"#CONTEXT#/images/smilies/d6741711aa045b812616853b5507fd2a.gif\" />','d6741711aa045b812616853b5507fd2a.gif'),(27,':hunf:','<img src=\"#CONTEXT#/images/smilies/0320a00cb4bb5629ab9fc2bc1fcc4e9e.gif\" />','0320a00cb4bb5629ab9fc2bc1fcc4e9e.gif'),(28,':-(','<img src=\"#CONTEXT#/images/smilies/9d71f0541cff0a302a0309c5079e8dee.gif\"  />','9d71f0541cff0a302a0309c5079e8dee.gif'),(29,':XD:','<img src=\"#CONTEXT#/images/smilies/49869fe8223507d7223db3451e5321aa.gif\" />','49869fe8223507d7223db3451e5321aa.gif'),(30,':thumbup:','<img src=\"#CONTEXT#/images/smilies/e8a506dc4ad763aca51bec4ca7dc8560.gif\" />','e8a506dc4ad763aca51bec4ca7dc8560.gif'),(31,':thumbdown:','<img src=\"#CONTEXT#/images/smilies/e78feac27fa924c4d0ad6cf5819f3554.gif\" />','e78feac27fa924c4d0ad6cf5819f3554.gif'),(32,':|','<img src=\"#CONTEXT#/images/smilies/1cfd6e2a9a2c0cf8e74b49b35e2e46c7.gif\" />','1cfd6e2a9a2c0cf8e74b49b35e2e46c7.gif');
/*!40000 ALTER TABLE `jforum_smilies` ENABLE KEYS */;
UNLOCK TABLES;

--
-- Table structure for table `jforum_themes`
--

DROP TABLE IF EXISTS `jforum_themes`;
CREATE TABLE `jforum_themes` (
  `themes_id` int(11) NOT NULL auto_increment,
  `template_name` varchar(30) NOT NULL default '',
  `style_name` varchar(30) NOT NULL default '',
  PRIMARY KEY  (`themes_id`)
) ENGINE=InnoDB DEFAULT CHARSET=utf8;

--
-- Dumping data for table `jforum_themes`
--

LOCK TABLES `jforum_themes` WRITE;
/*!40000 ALTER TABLE `jforum_themes` DISABLE KEYS */;
/*!40000 ALTER TABLE `jforum_themes` ENABLE KEYS */;
UNLOCK TABLES;

--
-- Table structure for table `jforum_topics`
--

DROP TABLE IF EXISTS `jforum_topics`;
CREATE TABLE `jforum_topics` (
  `topic_id` int(11) NOT NULL auto_increment,
  `forum_id` int(11) NOT NULL default '0',
  `topic_title` varchar(100) NOT NULL default '',
  `user_id` int(11) NOT NULL default '0',
  `topic_time` datetime default NULL,
  `topic_views` int(11) default '1',
  `topic_replies` int(11) default '0',
  `topic_status` tinyint(3) default '0',
  `topic_vote_id` int(11) NOT NULL default '0',
  `topic_type` tinyint(3) default '0',
  `topic_first_post_id` int(11) default '0',
  `topic_last_post_id` int(11) NOT NULL default '0',
  `topic_moved_id` int(11) default '0',
  `moderated` tinyint(1) default '0',
  PRIMARY KEY  (`topic_id`),
  KEY `forum_id` (`forum_id`),
  KEY `user_id` (`user_id`),
  KEY `topic_first_post_id` (`topic_first_post_id`),
  KEY `topic_last_post_id` (`topic_last_post_id`),
  KEY `topic_moved_id` (`topic_moved_id`)
) ENGINE=InnoDB DEFAULT CHARSET=utf8;

--
-- Dumping data for table `jforum_topics`
--

LOCK TABLES `jforum_topics` WRITE;
/*!40000 ALTER TABLE `jforum_topics` DISABLE KEYS */;
INSERT INTO `jforum_topics` VALUES (1,7,'论坛----乱码问题',4,'2010-05-14 23:15:34',16,3,0,0,0,1,132,0,0),(2,7,'发表新主题----表情符号图片不显示',4,'2010-05-14 23:16:16',7,1,0,0,0,2,33,0,0),(3,7,'test1_one',4,'2010-05-14 23:16:53',14,3,0,0,0,3,37,0,0),(4,7,'和你开玩笑的',4,'2010-05-14 23:18:50',20,3,0,0,0,5,54,0,0),(5,7,'发表新主题----test',4,'2010-05-14 23:27:07',7,1,0,0,0,6,31,0,0),(6,7,'后台管理－意见建议',3,'2010-05-15 22:07:27',8,1,0,0,0,7,30,0,0),(7,7,'刚发布的怎么就两次浏览了',3,'2010-05-15 22:08:19',8,1,0,0,0,8,29,0,0),(8,7,'查看次数好像集体不对',3,'2010-05-15 22:08:56',6,1,0,0,0,9,28,0,0),(9,7,'浏览次数怎么算的',3,'2010-05-15 22:09:31',6,1,0,0,0,10,27,0,0),(10,7,'主站footer的意见建议list UI有问题',3,'2010-05-15 22:15:02',7,1,0,0,0,11,26,0,0),(11,7,'发帖时表情要启用html功能后才能用',3,'2010-05-15 22:15:57',6,1,0,0,0,12,25,0,0),(12,7,'这里的表情符号不能正常显示',3,'2010-05-15 22:18:21',20,6,0,0,0,13,24,0,0),(13,7,'点论坛上的logo怎么转到登录页面了',3,'2010-05-15 22:20:26',6,1,0,0,0,14,18,0,0),(14,7,'发帖的问题还真多，如果内容为空点发送，提示出错后标题也被清空了',3,'2010-05-15 22:21:35',10,2,0,0,0,15,133,0,0),(15,7,'首页 知识改变命运 几个字太顶了',3,'2010-05-16 20:32:43',4,0,0,0,0,38,38,0,0),(16,7,'光荣榜的总人数不对',3,'2010-05-16 20:37:40',3,0,0,0,0,39,39,0,0),(17,7,'主站IE tab中没ico logo',3,'2010-05-16 20:38:24',3,0,0,0,0,40,40,0,0),(18,7,'系统介绍的内容不够详细，加为什么速度等',3,'2010-05-16 20:39:45',4,0,0,0,0,41,41,0,0),(19,7,'训练课程再加个总导图 ',3,'2010-05-16 20:41:14',3,0,0,0,0,42,42,0,0),(20,7,'文章搜索的风格修改',3,'2010-05-16 20:42:51',3,0,0,0,0,43,43,0,0),(21,7,'每篇文章调整，并更新初始数据',3,'2010-05-16 20:43:43',4,0,0,0,0,44,44,0,0),(22,7,'丹田呼吸中 继续呼吸 改成 继续吸气',3,'2010-05-16 21:51:55',3,0,0,0,0,45,45,0,0),(23,1,'test3',5,'2010-05-16 21:57:29',1,0,0,0,0,46,0,0,1),(24,7,'黑点凝视 这个是基础训练，需要长期训练。  去掉',3,'2010-05-16 22:01:27',3,0,0,0,0,47,47,0,0),(25,7,'论坛的用户信息和速度主系统的数据不一致',5,'2010-05-16 22:05:50',3,0,0,0,0,48,48,0,0),(26,7,'黑点移动 眼略睁大面对展开的训练图 改成 眼睛睁大',3,'2010-05-16 22:08:10',3,0,0,0,0,49,49,0,0),(27,7,'黑点移动 让视点循线上下慢慢移动。 这句句号太多',3,'2010-05-16 22:09:09',3,0,0,0,0,50,50,0,0),(28,7,'黑点凝视 视点循训练图上下往复移动  这句不是很通顺',3,'2010-05-16 22:11:00',3,0,0,0,0,51,51,0,0),(29,7,'黑点凝视 去掉 这个是基础训练，需要长期进行',3,'2010-05-16 22:14:09',4,0,0,0,0,52,52,0,0),(30,7,'加训练建议 ',3,'2010-05-16 22:17:49',8,1,0,0,0,55,56,0,0),(31,7,'视点横/纵向移动  训练时间是一分钟的 但后面的统计都按2分钟计算',3,'2010-05-16 22:19:38',3,0,0,0,0,57,57,0,0),(32,7,'视点横/纵向移动  与菜单的显示不一致',3,'2010-05-16 22:21:17',3,0,0,0,0,58,58,0,0),(33,7,'论坛-管理中心-回复通知：  下面的语句太长，以致显示成两行，不太好看',4,'2010-05-16 22:21:53',5,0,0,0,0,59,59,0,0),(34,7,'论坛-管理中心-出生年月日 对输入的数据没有限制。',4,'2010-05-16 22:25:49',4,0,0,0,0,60,60,0,0),(35,7,'视点书页连结 改成 视点书页连接',3,'2010-05-16 22:26:43',3,0,0,0,0,61,61,0,0),(36,7,'训练单元中 有空间的地方 标题与下面的内容都要有空隙',3,'2010-05-16 22:27:12',4,0,0,0,0,62,62,0,0),(37,7,'视点书页连接 鼻梁对训练图中丸与训练团距离约30一40厘米。  改成 训练图',3,'2010-05-16 22:28:13',3,0,0,0,0,63,63,0,0),(38,7,'训练书页连接 视点从训练图的右上开始 改成 左上开始',3,'2010-05-16 22:29:04',3,0,0,0,0,64,64,0,0),(39,7,'视点书页连接  跟从波形曲钱移动。 改成 波形线',3,'2010-05-16 22:29:41',3,0,0,0,0,65,65,0,0),(40,7,'在“我的主题”页面上，没有可以直接进入论坛首页的链接',4,'2010-05-16 22:30:24',7,0,0,0,0,66,66,0,0),(41,7,'视点书页连结  这个也是一分钟',3,'2010-05-16 22:30:43',3,0,0,0,0,67,67,0,0),(42,7,'有很多训练单元的时间都是一分钟的  统计要改 确认训练退出是否也是一分钟',3,'2010-05-16 22:35:52',3,0,0,0,0,68,68,0,0),(43,7,' 二分钟后自动退出训练模式或双击直接退出训练模式   风格不一致',3,'2010-05-16 22:54:02',3,0,0,0,0,69,69,0,0),(44,7,'测到舒特尔',3,'2010-05-16 22:55:50',3,0,0,0,0,70,70,0,0),(45,7,'已经登录了 但论坛sso不成功',3,'2010-05-17 10:21:14',3,0,0,0,0,71,71,0,0),(46,7,'同帐号 二次登录的提示页面不友好',3,'2010-05-17 10:22:27',3,0,0,0,0,72,72,0,0),(47,7,'光荣榜窗口 在宽屏上的显示位置不友好',3,'2010-05-17 10:23:28',3,0,0,0,0,73,73,0,0),(48,7,'训练时间改成 实战训练时间',3,'2010-05-17 10:31:04',3,0,0,0,0,74,74,0,0),(49,7,'看jint的实战训练 是多长时间',3,'2010-05-17 10:31:21',3,0,0,0,0,75,75,0,0),(50,7,'速读排行榜 中应该限制弹出框，一次弹一个，或者覆盖前面的弹出框。',3,'2010-05-17 10:36:37',3,0,0,0,0,76,76,0,0),(51,7,'像辅助训练那样  给 速读训练 加个标题',3,'2010-05-17 10:49:52',3,0,0,0,0,77,77,0,0),(52,1,'左边的表情符号IE6.0 竟然看不了。。。。',6,'2010-05-17 11:07:09',1,0,0,0,0,78,0,0,1),(53,7,'实战训练记录处点击也要能显示些信息',3,'2010-05-17 13:19:11',3,0,0,0,0,79,79,0,0),(54,7,'文字扩展 管理中心/资料上传\'  加链接',3,'2010-05-17 13:20:24',3,0,0,0,0,80,80,0,0),(55,7,'焦点移动 均需至少训练3次。  不通顺',3,'2010-05-17 13:43:19',5,0,0,0,0,81,81,0,0),(56,7,'焦点纵向移动 焦点 要能迅速  内容中有空格',3,'2010-05-17 13:51:11',3,0,0,0,0,82,82,0,0),(57,7,'初始新消息的值',3,'2010-05-17 13:56:44',3,0,0,0,0,83,83,0,0),(58,7,'有没看过的新消息 加闪动效果',3,'2010-05-17 13:58:43',3,0,0,0,0,84,84,0,0),(59,7,'有管理中心/资料上传\' 的地方加说明，系统优先用用户自己上传的文档作为训练资料',3,'2010-05-17 14:01:12',3,0,0,0,0,85,85,0,0),(60,7,'vincent帐号进去的上传的资料 在2800级别 阅读训练 训练页面有html 错误',3,'2010-05-17 14:04:00',4,0,0,0,0,86,86,0,0),(61,7,'论坛改成 不登录也可以查看，但要加个login的地方，不登录不能发帖 不能回复',3,'2010-05-17 14:07:00',3,0,0,0,0,87,87,0,0),(62,7,'精读文章统一修正一下 更新到initiDB文档中',3,'2010-05-17 14:08:12',3,0,0,0,0,88,88,0,0),(63,7,'训练文档调整 每个级别至少5篇文档',3,'2010-05-17 14:11:23',3,0,0,0,0,89,89,0,0),(64,7,'等级升高了 但测试文档还是那个老的问题',3,'2010-05-17 14:14:49',3,0,0,0,0,90,90,0,0),(65,7,'测试题中  :尊重中国主权对立  改成 :尊重中国主权独立',3,'2010-05-17 14:17:20',3,0,0,0,0,91,91,0,0),(66,7,'测试题有两个问号',3,'2010-05-17 14:17:58',3,0,0,0,0,92,92,0,0),(67,7,'测试结束后的 风格 要和前面的 舒特尔一致',3,'2010-05-17 14:20:24',3,0,0,0,0,93,93,0,0),(68,7,'测试训练 后 的再练一次 没用 是直接退出的',3,'2010-05-17 14:20:58',3,0,0,0,0,94,94,0,0),(69,7,'闪读测试 通过水平测试  改成 通过闪读测试',3,'2010-05-17 14:21:39',3,0,0,0,0,95,95,0,0),(70,7,'闪读测试的 示意图 要换 更现在用的不一致',3,'2010-05-17 14:22:19',3,0,0,0,0,96,96,0,0),(71,7,'闪读测试的说明中 没有训练时间这一项  和其他的风格不一致  看看其他有没有这个情况',3,'2010-05-17 14:23:29',3,0,0,0,0,97,97,0,0),(72,7,'闪读测试 和 测试题目 的间隔要固定 现在跳来跳去的',3,'2010-05-17 14:26:48',3,0,0,0,0,98,98,0,0),(73,7,'奇像记忆 第一页的 论坛跳转 但论坛中没有记忆栏了',3,'2010-05-17 14:28:21',3,0,0,0,0,99,99,0,0),(74,7,'奇像记忆 介绍的X位置不友好',3,'2010-05-17 14:30:24',3,0,0,0,0,100,100,0,0),(75,7,'奇像记忆的 每天的训练内容细细检查',3,'2010-05-17 14:31:13',3,0,0,0,0,101,101,0,0),(76,7,'思维导图 链接到论坛的栏目也没有了',3,'2010-05-17 14:31:56',3,0,0,0,0,102,102,0,0),(77,7,'思维导图 文章内容细细检查',3,'2010-05-17 14:32:24',3,0,0,0,0,103,103,0,0),(78,7,'思维导图 加 工具介绍',3,'2010-05-17 14:33:10',3,0,0,0,0,104,104,0,0),(79,7,'曼陀罗图训练法 改成 曼陀罗图训练',3,'2010-05-17 14:34:10',4,0,0,0,0,105,105,0,0),(80,7,'曼陀罗 如果继续做这种练习的话  改成 如果连续做这种练习的话',3,'2010-05-17 14:36:21',3,0,0,0,0,106,106,0,0),(81,7,'曼陀罗 关键词 加右脑想象力',3,'2010-05-17 14:38:27',3,0,0,0,0,107,107,0,0),(82,7,'严重的问题  发帖是 正文为空就发送 关闭提示后 填写正文再发送 新贴没生成',3,'2010-05-17 14:39:37',3,0,0,0,0,108,108,0,0),(83,7,'曼陀罗 出现\'下一训练图\'按钮时,单击按钮直接进入下一个曼陀罗图训练. 这个功能没了',3,'2010-05-17 14:49:37',3,0,0,0,0,109,109,0,0),(84,7,'3D卡片训练法 标题风格调整',3,'2010-05-17 14:51:00',3,0,0,0,0,110,110,0,0),(85,7,'3D卡片训练法 将你 的眼睛所看 内容中有空格',3,'2010-05-17 14:52:27',3,0,0,0,0,111,111,0,0),(86,7,'3D 关键词 加 思维图像',3,'2010-05-17 14:53:13',3,0,0,0,0,112,112,0,0),(87,7,'网站地图中的论坛这快要调整',3,'2010-05-17 14:59:50',3,0,0,0,0,113,113,0,0),(88,7,'没登录提交问题建议有问题，应该不让提交',3,'2010-05-17 15:05:04',3,0,0,0,0,114,114,0,0),(89,7,'广告联系 调整',3,'2010-05-17 15:06:16',3,0,0,0,0,115,115,0,0),(90,7,'关于我们 感觉要调整一下',3,'2010-05-17 15:08:06',3,0,0,0,0,116,116,0,0),(91,7,'走进速读 除了精读文章 还有几个固定版面要都检查一遍',3,'2010-05-17 15:10:35',3,0,0,0,0,117,117,0,0),(92,7,'关于我们 希望在您迈向人生巅峰的成功路上，威思人的努力能助您一臂之力。  改成这样',3,'2010-05-17 15:22:41',3,0,0,0,0,118,118,0,0),(93,7,'后台管理的  左下三个菜单完善',3,'2010-05-17 15:24:54',3,0,0,0,0,119,119,0,0),(94,7,'后台管理 站内消息详细要加创建者的信息',3,'2010-05-17 15:26:05',3,0,0,0,0,120,120,0,0),(95,7,'问题建议的排序改成 未处理 先 再按时间排',3,'2010-05-17 15:27:43',3,0,0,0,0,121,121,0,0),(96,7,'阅读题库 list中 列出 是否带测试题',3,'2010-05-17 15:29:03',3,0,0,0,0,122,122,0,0),(97,7,'精读类别 太多了 简化到5个一下',3,'2010-05-17 15:30:37',3,0,0,0,0,123,123,0,0),(98,7,'顶次数 统统改成 推荐次数',3,'2010-05-17 15:31:49',3,0,0,0,0,124,124,0,0),(99,7,'论坛 用户信息这块的 上面部分要变disable 现在是sso了',3,'2010-05-17 15:33:11',6,0,0,0,0,125,125,0,0),(100,7,'论坛 头像不好马上更新',3,'2010-05-17 15:44:45',3,0,0,0,0,126,126,0,0),(101,7,'论坛 有时主站登录了 论坛不能sso 在firefox中这样的',3,'2010-05-17 15:47:30',3,0,0,0,0,127,127,0,0),(102,7,'论坛 返回首页 改成 返回主站，并返回时要能自己登录主站',3,'2010-05-17 15:50:36',3,0,0,0,0,128,128,0,0),(103,7,'论坛 最新主题 和 热门主题的 个数哪里设置的',3,'2010-05-17 15:51:30',3,0,0,0,0,129,129,0,0),(105,7,'论坛 管理日志 只能admin看到',3,'2010-05-17 15:54:15',3,0,0,0,0,131,131,0,0),(106,7,'论坛 有人回复 怎么通知我 邮件吗',3,'2010-05-17 15:58:24',8,2,0,0,0,134,136,0,0),(107,7,'论坛的五角星等级 设置规则是什么',3,'2010-05-17 16:01:05',3,0,0,0,0,137,137,0,0),(108,7,'点论坛的logo转到 login页面了',3,'2010-05-17 16:02:21',3,0,0,0,0,138,138,0,0),(109,7,'股市明天走势投票决定',3,'2010-05-17 16:03:55',10,1,0,1,0,139,140,0,0),(110,7,'论坛 普通用户不应该有 置顶 公告的权限',3,'2010-05-17 16:06:06',3,0,0,0,1,141,141,0,0),(111,7,'新贴在置顶后面？',3,'2010-05-17 16:06:37',3,0,0,0,0,142,142,0,0),(112,7,'论坛 再试个公告',3,'2010-05-17 16:07:11',4,0,0,0,2,143,143,0,0),(113,7,'db 初始数据的db script也要有delete table的功能，这样便于测试',3,'2010-05-17 16:09:33',3,0,0,0,0,144,144,0,0),(114,7,'测试超多行内容的情况',3,'2010-05-17 16:11:22',10,3,0,0,0,145,148,0,0),(115,7,'订阅版面是不是用邮件通知的 那邮件要能编辑的',3,'2010-05-17 16:15:31',3,0,0,0,0,149,149,0,0),(116,7,'速读的两个成功案例 都要改掉',3,'2010-05-18 10:35:58',3,0,0,0,0,150,150,0,0),(117,7,'主站字体太小了点',3,'2010-05-18 10:38:53',6,1,0,0,0,151,153,0,0),(118,7,'首页广告词加： 用速读积累知识，用知识改变命运！',3,'2010-05-18 10:46:36',3,0,0,0,0,152,152,0,0),(119,7,'相关文章内容再丰富点 每类至少3文以上',3,'2010-05-18 11:17:07',3,0,0,0,0,154,154,0,0),(120,7,'有新的消息时 文字要闪烁',7,'2010-05-18 17:04:24',3,0,0,0,0,155,155,0,0);
/*!40000 ALTER TABLE `jforum_topics` ENABLE KEYS */;
UNLOCK TABLES;

--
-- Table structure for table `jforum_topics_watch`
--

DROP TABLE IF EXISTS `jforum_topics_watch`;
CREATE TABLE `jforum_topics_watch` (
  `topic_id` int(11) NOT NULL,
  `user_id` int(11) NOT NULL,
  `is_read` tinyint(1) default '1',
  KEY `idx_topic` (`topic_id`),
  KEY `idx_user` (`user_id`)
) ENGINE=InnoDB DEFAULT CHARSET=utf8;

--
-- Dumping data for table `jforum_topics_watch`
--

LOCK TABLES `jforum_topics_watch` WRITE;
/*!40000 ALTER TABLE `jforum_topics_watch` DISABLE KEYS */;
INSERT INTO `jforum_topics_watch` VALUES (1,4,0),(2,4,0),(3,4,0),(4,4,1),(5,4,0),(6,3,0),(7,3,0),(8,3,0),(9,3,0),(10,3,0),(11,3,0),(12,3,0),(13,3,0),(14,3,0),(14,2,1),(13,2,1),(12,2,1),(11,2,1),(10,2,1),(9,2,1),(8,2,1),(7,2,1),(6,2,1),(5,2,1),(4,2,0),(2,2,1),(1,2,0),(3,2,0),(3,3,1),(15,3,1),(16,3,1),(17,3,1),(18,3,1),(19,3,1),(20,3,1),(21,3,1),(22,3,1),(23,5,1),(24,3,1),(25,5,1),(26,3,1),(27,3,1),(28,3,1),(29,3,1),(30,3,0),(30,4,1),(31,3,1),(32,3,1),(33,4,1),(34,4,1),(35,3,1),(36,3,1),(37,3,1),(38,3,1),(39,3,1),(40,4,1),(41,3,1),(42,3,1),(43,3,1),(44,3,1),(45,3,1),(46,3,1),(47,3,1),(48,3,1),(49,3,1),(50,3,1),(51,3,1),(52,6,1),(53,3,1),(54,3,1),(55,3,1),(56,3,1),(57,3,1),(58,3,1),(59,3,1),(60,3,1),(61,3,1),(62,3,1),(63,3,1),(64,3,1),(65,3,1),(66,3,1),(67,3,1),(68,3,1),(69,3,1),(70,3,1),(71,3,1),(72,3,1),(73,3,1),(74,3,1),(75,3,1),(76,3,1),(77,3,1),(78,3,1),(79,3,1),(80,3,1),(81,3,1),(82,3,1),(83,3,1),(84,3,1),(85,3,1),(86,3,1),(87,3,1),(88,3,1),(89,3,1),(90,3,1),(91,3,1),(92,3,1),(93,3,1),(94,3,1),(95,3,1),(96,3,1),(97,3,1),(98,3,1),(99,3,1),(100,3,1),(101,3,1),(102,3,1),(103,3,1),(105,3,1),(1,3,1),(106,3,1),(107,3,1),(108,3,1),(109,3,0),(109,2,1),(110,3,1),(111,3,1),(112,3,1),(113,3,1),(114,3,1),(115,3,1),(116,3,1),(117,3,1),(118,3,1),(119,3,1),(120,7,1);
/*!40000 ALTER TABLE `jforum_topics_watch` ENABLE KEYS */;
UNLOCK TABLES;

--
-- Table structure for table `jforum_user_groups`
--

DROP TABLE IF EXISTS `jforum_user_groups`;
CREATE TABLE `jforum_user_groups` (
  `group_id` int(11) NOT NULL,
  `user_id` int(11) NOT NULL,
  KEY `idx_group` (`group_id`),
  KEY `idx_user` (`user_id`)
) ENGINE=InnoDB DEFAULT CHARSET=utf8;

--
-- Dumping data for table `jforum_user_groups`
--

LOCK TABLES `jforum_user_groups` WRITE;
/*!40000 ALTER TABLE `jforum_user_groups` DISABLE KEYS */;
INSERT INTO `jforum_user_groups` VALUES (1,1),(2,2),(1,3),(1,4),(1,5),(1,6),(1,7);
/*!40000 ALTER TABLE `jforum_user_groups` ENABLE KEYS */;
UNLOCK TABLES;

--
-- Table structure for table `jforum_users`
--

DROP TABLE IF EXISTS `jforum_users`;
CREATE TABLE `jforum_users` (
  `user_id` int(11) NOT NULL auto_increment,
  `user_active` tinyint(1) default NULL,
  `username` varchar(50) NOT NULL default '',
  `user_password` varchar(32) NOT NULL default '',
  `user_session_time` bigint(20) default '0',
  `user_session_page` int(11) NOT NULL default '0',
  `user_lastvisit` datetime default NULL,
  `user_regdate` datetime default NULL,
  `user_level` tinyint(4) default NULL,
  `user_posts` int(11) NOT NULL default '0',
  `user_timezone` varchar(5) NOT NULL default '',
  `user_style` tinyint(4) default NULL,
  `user_lang` varchar(255) NOT NULL default '',
  `user_dateformat` varchar(20) NOT NULL default '%d/%M/%Y %H:%i',
  `user_new_privmsg` int(11) NOT NULL default '0',
  `user_unread_privmsg` int(11) NOT NULL default '0',
  `user_last_privmsg` datetime default NULL,
  `user_emailtime` datetime default NULL,
  `user_viewemail` tinyint(1) default '0',
  `user_attachsig` tinyint(1) default '1',
  `user_allowhtml` tinyint(1) default '0',
  `user_allowbbcode` tinyint(1) default '1',
  `user_allowsmilies` tinyint(1) default '1',
  `user_allowavatar` tinyint(1) default '1',
  `user_allow_pm` tinyint(1) default '1',
  `user_allow_viewonline` tinyint(1) default '1',
  `user_notify` tinyint(1) default '1',
  `user_notify_always` tinyint(1) default '0',
  `user_notify_text` tinyint(1) default '0',
  `user_notify_pm` tinyint(1) default '1',
  `user_popup_pm` tinyint(1) default '1',
  `rank_id` int(11) default '0',
  `user_avatar` varchar(100) default NULL,
  `user_avatar_type` tinyint(4) NOT NULL default '0',
  `user_email` varchar(255) NOT NULL default '',
  `user_icq` varchar(15) default NULL,
  `user_website` varchar(255) default NULL,
  `user_from` varchar(100) default NULL,
  `user_sig` text,
  `user_sig_bbcode_uid` varchar(10) default NULL,
  `user_aim` varchar(255) default NULL,
  `user_yim` varchar(255) default NULL,
  `user_msnm` varchar(255) default NULL,
  `user_occ` varchar(100) default NULL,
  `user_interests` varchar(255) default NULL,
  `user_biography` text,
  `user_actkey` varchar(32) default NULL,
  `gender` char(1) default NULL,
  `themes_id` int(11) default NULL,
  `deleted` tinyint(1) default NULL,
  `user_viewonline` tinyint(1) default '1',
  `security_hash` varchar(32) default NULL,
  `user_karma` double default NULL,
  `user_authhash` varchar(32) default NULL,
  `user_qq` varchar(15) default NULL,
  `user_sex` tinyint(4) default '0',
  `user_birthday` datetime default NULL,
  PRIMARY KEY  (`user_id`)
) ENGINE=InnoDB DEFAULT CHARSET=utf8;

--
-- Dumping data for table `jforum_users`
--

LOCK TABLES `jforum_users` WRITE;
/*!40000 ALTER TABLE `jforum_users` DISABLE KEYS */;
INSERT INTO `jforum_users` VALUES (1,NULL,'Anonymous','nopass',0,0,NULL,'2010-05-13 16:38:00',NULL,0,'',NULL,'','%d/%M/%Y %H:%i',0,0,NULL,NULL,0,1,0,1,1,1,1,1,1,0,0,1,1,0,NULL,0,'',NULL,NULL,NULL,NULL,NULL,NULL,NULL,NULL,NULL,NULL,NULL,NULL,NULL,NULL,NULL,1,NULL,NULL,NULL,NULL,0,NULL),(2,NULL,'Admin','21232f297a57a5a743894a0e4a801fc3',0,0,NULL,'2010-05-13 16:38:00',NULL,23,'',NULL,'','%d/%M/%Y %H:%i',0,0,NULL,NULL,0,1,0,1,1,1,1,1,1,0,0,1,1,0,NULL,0,'',NULL,NULL,NULL,NULL,NULL,NULL,NULL,NULL,NULL,NULL,NULL,NULL,NULL,NULL,NULL,1,NULL,0,NULL,NULL,0,NULL),(3,NULL,'vincent','sso ',0,0,'2010-05-17 15:42:37','2010-05-14 22:24:39',NULL,115,'',NULL,'','%d/%M/%Y %H:%i',0,0,NULL,NULL,0,1,0,1,1,1,1,1,1,0,0,1,1,0,'eccbc87e4b5ce2fe28308fd9f2a7baf3.jpg',0,'sso@user','','','','',NULL,'','','','','','',NULL,NULL,0,NULL,1,NULL,NULL,NULL,'',0,NULL),(4,NULL,'test1','sso ',0,0,'2010-05-16 22:19:30','2010-05-14 22:33:04',NULL,12,'',NULL,'','%d/%M/%Y %H:%i',0,0,NULL,NULL,0,1,0,1,1,1,1,1,1,0,0,1,1,0,'a87ff679a2f3e71d9181a67b7542122c.jpg',0,'sso@user','','http://test ','','',NULL,'','test','','','','',NULL,NULL,0,NULL,1,NULL,NULL,NULL,'12345678',0,'8922-12-12 00:00:00'),(5,NULL,'test3','sso ',0,0,'2010-05-16 22:02:50','2010-05-16 21:55:11',NULL,1,'',NULL,'','%d/%M/%Y %H:%i',0,0,NULL,NULL,0,1,0,1,1,1,1,1,1,0,0,1,1,0,NULL,0,'sso@user','111','','','',NULL,'','','','','','',NULL,NULL,0,NULL,1,NULL,NULL,NULL,'22',0,NULL),(6,NULL,'spencer','sso ',0,0,NULL,'2010-05-17 11:05:40',NULL,0,'',NULL,'','%d/%M/%Y %H:%i',0,0,NULL,NULL,0,1,0,1,1,1,1,1,1,0,0,1,1,0,NULL,0,'sso@user',NULL,NULL,NULL,NULL,NULL,NULL,NULL,NULL,NULL,NULL,NULL,NULL,NULL,NULL,NULL,1,NULL,NULL,NULL,NULL,0,NULL),(7,NULL,'dd','sso ',0,0,NULL,'2010-05-18 17:03:41',NULL,1,'',NULL,'','%d/%M/%Y %H:%i',0,0,NULL,NULL,0,1,0,1,1,1,1,1,1,0,0,1,1,0,NULL,0,'sso@user',NULL,NULL,NULL,NULL,NULL,NULL,NULL,NULL,NULL,NULL,NULL,NULL,NULL,NULL,NULL,1,NULL,NULL,NULL,NULL,0,NULL);
/*!40000 ALTER TABLE `jforum_users` ENABLE KEYS */;
UNLOCK TABLES;

--
-- Table structure for table `jforum_vote_desc`
--

DROP TABLE IF EXISTS `jforum_vote_desc`;
CREATE TABLE `jforum_vote_desc` (
  `vote_id` int(11) NOT NULL auto_increment,
  `topic_id` int(11) NOT NULL default '0',
  `vote_text` varchar(255) NOT NULL default '',
  `vote_start` datetime NOT NULL,
  `vote_length` int(11) NOT NULL default '0',
  PRIMARY KEY  (`vote_id`),
  KEY `topic_id` (`topic_id`)
) ENGINE=InnoDB DEFAULT CHARSET=utf8;

--
-- Dumping data for table `jforum_vote_desc`
--

LOCK TABLES `jforum_vote_desc` WRITE;
/*!40000 ALTER TABLE `jforum_vote_desc` DISABLE KEYS */;
INSERT INTO `jforum_vote_desc` VALUES (1,109,'明天大盘走势','2010-05-17 16:03:56',1);
/*!40000 ALTER TABLE `jforum_vote_desc` ENABLE KEYS */;
UNLOCK TABLES;

--
-- Table structure for table `jforum_vote_results`
--

DROP TABLE IF EXISTS `jforum_vote_results`;
CREATE TABLE `jforum_vote_results` (
  `vote_id` int(11) NOT NULL default '0',
  `vote_option_id` tinyint(4) NOT NULL default '0',
  `vote_option_text` varchar(255) NOT NULL default '',
  `vote_result` int(11) NOT NULL default '0',
  KEY `vote_id` (`vote_id`)
) ENGINE=InnoDB DEFAULT CHARSET=utf8;

--
-- Dumping data for table `jforum_vote_results`
--

LOCK TABLES `jforum_vote_results` WRITE;
/*!40000 ALTER TABLE `jforum_vote_results` DISABLE KEYS */;
INSERT INTO `jforum_vote_results` VALUES (1,1,'升',0),(1,2,'跌',1),(1,3,'平',1);
/*!40000 ALTER TABLE `jforum_vote_results` ENABLE KEYS */;
UNLOCK TABLES;

--
-- Table structure for table `jforum_vote_voters`
--

DROP TABLE IF EXISTS `jforum_vote_voters`;
CREATE TABLE `jforum_vote_voters` (
  `vote_id` int(11) NOT NULL default '0',
  `vote_user_id` int(11) NOT NULL default '0',
  `vote_user_ip` varchar(15) NOT NULL default '',
  KEY `vote_id` (`vote_id`),
  KEY `vote_user_id` (`vote_user_id`)
) ENGINE=InnoDB DEFAULT CHARSET=utf8;

--
-- Dumping data for table `jforum_vote_voters`
--

LOCK TABLES `jforum_vote_voters` WRITE;
/*!40000 ALTER TABLE `jforum_vote_voters` DISABLE KEYS */;
INSERT INTO `jforum_vote_voters` VALUES (1,3,'10.224.172.240'),(1,2,'10.224.172.240');
/*!40000 ALTER TABLE `jforum_vote_voters` ENABLE KEYS */;
UNLOCK TABLES;

--
-- Table structure for table `jforum_words`
--

DROP TABLE IF EXISTS `jforum_words`;
CREATE TABLE `jforum_words` (
  `word_id` int(11) NOT NULL auto_increment,
  `word` varchar(100) NOT NULL default '',
  `replacement` varchar(100) NOT NULL default '',
  PRIMARY KEY  (`word_id`)
) ENGINE=InnoDB DEFAULT CHARSET=utf8;

--
-- Dumping data for table `jforum_words`
--

LOCK TABLES `jforum_words` WRITE;
/*!40000 ALTER TABLE `jforum_words` DISABLE KEYS */;
/*!40000 ALTER TABLE `jforum_words` ENABLE KEYS */;
UNLOCK TABLES;
/*!40103 SET TIME_ZONE=@OLD_TIME_ZONE */;

/*!40101 SET SQL_MODE=@OLD_SQL_MODE */;
/*!40014 SET FOREIGN_KEY_CHECKS=@OLD_FOREIGN_KEY_CHECKS */;
/*!40014 SET UNIQUE_CHECKS=@OLD_UNIQUE_CHECKS */;
/*!40101 SET CHARACTER_SET_CLIENT=@OLD_CHARACTER_SET_CLIENT */;
/*!40101 SET CHARACTER_SET_RESULTS=@OLD_CHARACTER_SET_RESULTS */;
/*!40101 SET COLLATION_CONNECTION=@OLD_COLLATION_CONNECTION */;
/*!40111 SET SQL_NOTES=@OLD_SQL_NOTES */;

-- Dump completed on 2010-05-18  9:04:47
